:020000040800F2
:1000000078760020550200081B4A0008333B0008A0
:10001000194A0008891300085196000800000000E2
:100020000000000000000000000000009D0100082A
:10003000891F000800000000F1010008616000084D
:100040006F0200086F0200086F0200086F020008CC
:100050006F0200086F0200086F0200086F020008BC
:100060006F0200086F0200086F0200086F020008AC
:100070006F0200086F0200086F0200086F0200089C
:100080006F0200086F0200086F0200086F0200088C
:10009000591500086F0200086F0200086F0200087F
:1000A0006F0200086F0200086F0200086F0200086C
:1000B0004564000855640008696400086F02000880
:1000C0006F0200086F0200086F0200086F0200084C
:1000D0006F02000831700008757100082D74000867
:1000E0006F0200086F0200086F02000891640008A8
:1000F000896900086F020008A56400086F02000803
:100100006F0200086F0200087D6400086F0200089B
:100110006F020008396F00086F0200086F020008C4
:100120006F0200086F0200086F0200086F020008EB
:100130006F0200086F0200086F0200086F020008DB
:100140006F0200086F0200086F0200088950000863
:100150006F0200086F0200086F0200086F020008BB
:100160006F0200086F0200086F0200086F020008AB
:100170006F0200086F0200086F0200086F0200089B
:100180006F0200086F020008DFF80CD000F046FC98
:100190000048004719CC0008787600202A4B1968DF
:1001A0000868B0E8F04F80F30988BFF36F8F4FF015
:1001B000000080F3118870470000000006480068C6
:1001C000006880F3088862B661B6BFF34F8FBFF353
:1001D0006F8F00DF00BF00BF08ED00E0DFF80C000C
:1001E000016841F470010160704700BF88ED00E0D4
:1001F000EFF30980BFF36F8F134B1A681EF0100FD7
:1002000008BF20ED108A20E9F04F106008B44FF0CD
:10021000500080F31188BFF34F8FBFF36F8F0FF043
:10022000FDFE4FF0000080F3118808BC19680868D3
:10023000B0E8F04F1EF0100F08BFB0EC108A80F34A
:100240000988BFF36F8F704788010020EFF30580A6
:10025000704700000648804706480047FEE7FEE773
:10026000FEE7FEE7FEE7FEE7FEE7FEE7FEE7FEE766
:10027000756000088901000840EA01039B0703D06C
:1002800009E008C9121F08C0042AFAD203E011F8D5
:10029000013B00F8013B521EF9D27047D2B201E097
:1002A00000F8012B491EFBD270470022F6E710B57B
:1002B00013460A4604461946FFF7F0FF204610BDD4
:1002C000421C10F8011B0029FBD1801A704710B5A1
:1002D000002200E0521C835C8C5CA34201D1002B05
:1002E000F8D1D8B2E1B2401A10BD2DE9FE4F8046D8
:1002F00081EA0300C00F0C46009021F0004123F07A
:100300000045B8EB0200A94105D24046214690467F
:100310001C460B46024623F00040104347D0270DF1
:10032000C7F30A00C3F30A510290401A0190402813
:100330006BDAC3F3130040F4801B0098924620B19F
:100340000023D2EB030A63EB0B0B01985946C0F173
:100350004002504600F004FA06460D465046594603
:10036000019A00F01CFA10EB08006141002487EAB2
:10037000115284EAE7731A4340D0009A62B3019A9B
:10038000012A4FEA075215DC001B61EB02014FF016
:10039000004202EA0752CDE90042001C41F58011FB
:1003A00032462B4600F053FA03B0BDE8F08F4046CA
:1003B0002146F9E7001B61EB0201001C41F58013A7
:1003C00000185B412018A2F5001747EB030140EA33
:1003D000D570B6196D4111E06D084FEA360645EA51
:1003E000C0754FEA0752001B61EB0201001C41F58A
:1003F000801149084FEA30000019514132462B461E
:1004000003B0BDE8F04F00F013BA0098012240009D
:100410000023D0EB020263EBE073009821464FEA21
:10042000E074B8EB000061EB0401E9E783F00043FE
:100430005BE781F0004158E72DE9FE4F81EA0304B4
:1004400004F0004421F0004100944FF0000B23F031
:10045000004350EA01045ED052EA03045BD0C3F3C8
:100460000A54C1F30A552C44A4F2F3340194A0FBBE
:100470000254C1F3130141F48011C3F3130343F495
:10048000801301FB024400FB034E840A970A44EAEE
:10049000815447EA8357A4FB076802958D0A05FB40
:1004A00007854FEA932C04FB0C542705029D4FEA65
:1004B000065847EA1637B5EB08056EEB070C870EB2
:1004C000920E47EA811742EA8312A7FB0201B6EBBC
:1004D0000B0164EB00042B0D43EA0C335E1844EB74
:1004E0001C50DA465146E7FB0201C5F313044FEAFC
:1004F0000B3343EA14534FEA0432019C43EA0603E8
:10050000A4F10C040294009CCDE900B400F09FF922
:1005100003B0BDE8F08F00200146F9E72DE9F04D6A
:1005200081EA030404F0004B21F0004514464FF02B
:10053000000A23F0004150EA050220D054EA0102EB
:100540001DD0C5F30A570246C5F31303C1F31300C8
:10055000C1F30A5640F4801543F48013A7EB060854
:10056000101BD64608F2FD3873EB050002D308F1E4
:10057000010801E092185B41B8F1000F03DA002096
:100580000146BDE8F08D00204FF4801106468446F8
:100590000EE0171B73EB050705D3121B63EB050376
:1005A00006434CEA010C49084FEA300092185B41BF
:1005B00050EA0107EDD152EA030012D082EA0400AA
:1005C00083EA0501084305D0101BAB4106D2012286
:1005D000002306E000224FF0004302E06FF001022A
:1005E00053101AEB06004CEB085110EB0A0041EBDC
:1005F0000B01BDE8F04D00F01BB90EB5C10F80EA4C
:10060000E0700844CA07002140F233438DE80E0031
:100610000A460B4600F01BF903B000BD0EB540F2D0
:10062000334102910021CDE900110A460B4600F04A
:100630000EF903B000BD70B5C1F30A5201F00045D8
:100640000024C1F3130140F2FF3341F480119A42B8
:1006500001DA002070BD40F233439A42A2F23342E5
:1006600003DC524200F08BF800E090402C43F1D0C4
:10067000404270BD00F0004230F000400AD0C10D91
:1006800001F56071C0F3160042EA0151C20840074B
:100690001143704700200146704701F0004330B419
:1006A00021F0004150EA010206D00A0DA2F5607265
:1006B000C1F31301002A02DC30BC00207047440F54
:1006C00044EAC104C100E01830BC00EBC25000F0A5
:1006D00078B830B50B46014600202022012409E0FD
:1006E00021FA02F59D4205D303FA02F5491B04FAEB
:1006F00002F52844151EA2F10102F1DC30BD2DE9FE
:10070000F05F0546002092469B4688460646814695
:1007100040241BE0284641464746224600F02FF879
:1007200053465A46C01A914110D3114618462246E4
:1007300000F016F82D1A67EB01084F4622460120FB
:10074000002100F00DF817EB00094E41201EA4F126
:100750000104DFDC484631462A464346BDE8F09FA7
:10076000202A04DB203A00FA02F100207047914071
:10077000C2F1200320FA03F3194390407047202A66
:1007800004DB203A21FA02F00021704721FA02F33B
:10079000D040C2F120029140084319467047202AF8
:1007A00006DBCB17203A41FA02F043EAE07306E099
:1007B00041FA02F3D040C2F12002914008431946A9
:1007C00070470029A8BF7047401C490008BF20F0AF
:1007D0000100704710B4B0FA80FC00FA0CF050EA47
:1007E000010404BF10BC704749B1CCF1200421FAC8
:1007F00004F411FA0CF118BF012121430843A3EBC3
:100800000C01CB1D4FEA00614FEA102042BF0020CF
:1008100010BC704700EBC35010440029A4BF10BCAB
:100820007047401C490008BF20F0010010BC704711
:1008300010B5141E73F1000408DA401C41F10001E8
:1008400092185B411A4301D120F0010010BD2DE93F
:10085000F04D92469B4611B1B1FA81F202E0B0FA36
:1008600080F220329046FFF77BFF04460F4640EAB5
:100870000A0041EA0B0153465A46084313D0114679
:1008800053EA010019D0C8F140025046FFF777FF44
:1008900005460E46504659464246FFF761FF08435B
:1008A00005D0012004E020463946BDE8F08D002047
:1008B000054346EAE0762C4337430A986305E40A89
:1008C000A0EB08000022FD0A44EA47540A3002D592
:1008D00000200146E9E7010510196941DDE90845F5
:1008E00000196941BDE8F04DA2E770B521F0004361
:1008F00003430CD0C1F30A550024D5EB040564EB87
:100900000403D617AD1AB34102DB0020014670BDC7
:10091000201841EB025170BD2DE9F04D00231A461D
:100920001B1A8A4103DB00200146BDE8F08DC1F3AC
:100930000A52C1F3130141F480154FF0000BD107A7
:1009400002D100186D41521E0027044640F2FF11EB
:10095000384601EB620A3E468046024600204FF4CC
:100960008011FFF70CFFC2197141BB1846EB010063
:10097000B4EB030C75EB000C04D3E41A65EB000533
:1009800017460E46241908F101006D4180463428AF
:10099000E3DDF91946EB0600091BA84103D24FF02D
:1009A000FF32134601E0002213461BEB070046EB23
:1009B0000A51BDE8F04DFFF73BBFC1F30A52C1F346
:1009C000130140F2FF3341F480119A4202DA002011
:1009D0000146704740F233439A42A2F2334202DCAE
:1009E0005242FFF7CCBEFFF7BBBE000030B5041E7D
:1009F00071F1000404DB4FF00044404264EB01015C
:100A0000141E73F1000405DB1C464FF000435242F4
:100A100063EB0403994208BF904230BD064C074D7A
:100A200006E0E06840F0010394E8070098471034BE
:100A3000AC42F6D3FFF7ACFB782C0108982C0108E8
:100A400070B58C1810F8015B15F0070301D110F890
:100A5000013B2A1106D110F8012B03E010F8016BBD
:100A600001F8016B5B1EF9D12B0705D40023521E40
:100A70000DD401F8013BFAE710F8013BCB1A921CA8
:100A800003E013F8015B01F8015B521EF9D5A142A6
:100A9000D8D3002070BD0029816802D041F0010147
:100AA00001E021F00101816070470000084B10B5A2
:100AB000D3F8042307490A40D0E900142143D0E9C0
:100AC0000240044321431143C3F8041310BD000046
:100AD00000200140E030FCFFC06C80B2704702464D
:100AE000002012680A4200D00120704730B54268E9
:100AF0000F4B0C791A400B6842EA042213434360FF
:100B000082680C4B4D791A40D1E9034323438C682A
:100B100044EA4504234313438360C26A097D22F4F7
:100B20007002491EC9B242EA0151C16230BD0000E3
:100B3000FFFEFFFCFDF7FFC070B5072609290AD9A3
:100B4000C568A1F10A0404EB4404A640B543A340E0
:100B50001D43C56007E0056901EB4104A640B543AC
:100B6000A3401D4305611F23072A09D2446B521E6F
:100B700002EB820293409C4391400C43446370BD5E
:100B80000D2A09D2046BD21F02EB820293409C43D0
:100B900091400C43046370BDC46A0D3A02EB8202BB
:100BA00093409C4391400C43C46270BD816841F006
:100BB0008041816070470000F8B53A4890ED000A26
:100BC0000FF06AFA03463848DFED380A90ED000A64
:100BD00020EE200ABDEEC00A10EE101A002900DA3D
:100BE0004942334890ED000A20EE200ABDEEC00ACB
:100BF00010EE102A002A00DA52422E48C47814B3AC
:100C000000262D4CC6700025207801281DD02B4CC5
:100C1000C6B3B4F91C30B4F91A20B4F9181028A0DE
:100C200009F0B0F92A4C207800283AD029480078F9
:100C300048B32948C178009183784278017827A089
:100C400009F0A0F92CE00126DBE7294800680090B4
:100C5000284890ED000A2848BDEEC00A10EE103A70
:100C600090ED000A2548BDEEC00A10EE102A90ED66
:100C7000000A23A0BDEEC00A10EE101A09F082F996
:100C80002570CFE700E008E0B4F91C000090D2B274
:100C9000C9B21FA009F076F9C4E721A009F072F9E2
:100CA0002570F8BD18000020C85C00200000C84274
:100CB000DC5C0020A00200204D020020DC5E002051
:100CC0007B4225643A25643A25647D2400000000B7
:100CD000C1000020C0000020D80000207B23495024
:100CE0003A25642E25642E25642E25647D2400007B
:100CF00068020020080200200402002000020020F8
:100D00007B4325643A25643A25643A25647D2400B2
:100D10007B4125643A25643A25643A25647D2400A4
:100D20007B2349503A756E6B6E6F772E2E7D2400B3
:100D30002DE9F0413B4E0025044696F806C024A359
:100D40002FA2BCF1000F0BD0304600274079411C88
:100D5000C9B2BCF1010F16D0BCF1020F34D125E0AD
:100D600030480221432C007902D0442C05D02BE0DE
:100D70002B2829D10120B07102E02B2824D1B17198
:100D80000125717120E01A5CA24209D00D381028AB
:100D900008D8A4F13000092802D93138192801D81F
:100DA000012500E0B7717171184607E0105CA042A0
:100DB00001D1012500E0B77171711046FFF780FA8B
:100DC0007179884200D1B77134712846BDE8F0814D
:100DD0002B434F4E4E454354494E473C3C58583A9E
:100DE00058583A58583A58583A58583A58580D0A94
:100DF0002B434F4E4E45435445440D0A000000001E
:100E00002B444953433A535543434553530D0A2BFF
:100E100052454144590D0A2B5041495241424C45DB
:100E20000D0A0000C00000202DE9F041494E0025C8
:100E3000044696F809E036A33DA241A1BEF1000F99
:100E400010D03046002790F808C0BEF1010F0CF119
:100E50000100C0B225D0BEF1020F38D0BEF1030FA1
:100E600052D141E03B480221432CC07906D04F2C9F
:100E70000CD0442C0ED0432C02D045E02B2803D0BC
:100E8000432841D001253FE0012006E043283BD123
:100E9000717203E02B2837D1032070720125317263
:100EA00032E013F80C10A1420BD0ACF10D0CBCF1E8
:100EB000100F08D8A4F13001092902D911391929D4
:100EC00001D8012500E077723072184608E012F868
:100ED0000C10A14201D1012500E07772307210465A
:100EE000FFF7EEF9317A0CE011F80C20A24201D1A3
:100EF000012500E0777230720846FFF7E1F9317A98
:100F0000401C884200D17772F4712846BDE8F08118
:100F10002B434F4E4E454354494E473C3C58583A5C
:100F200058583A58583A58583A58583A58580D0A52
:100F3000434F4E4E45435445440D0D0A00000000FA
:100F40002B444953433A535543434553530D0D0ADC
:100F500000000000C000002030B58DB0012102204B
:100F600004F008FC01210D02284604F027FC0320B0
:100F700002218DF82C000A9100248DF82F400AA937
:100F8000134801F01DFD0121284604F023FC002137
:100F9000284604F01FFC069468020994CDE9070472
:100FA00006A8FFF783FD8DF8044000948DF80540F6
:100FB000029404940120074C8DF8140069462046E1
:100FC000FFF794FD01212046FFF765FD0DB030BD10
:100FD000000402400020014070B58CB001210220C5
:100FE00004F0C8FB01214E02304604F0E7FB032069
:100FF0008DF82C00012500240A958DF82F400AA9B0
:10100000134801F0DDFC0121304604F0E3FB002130
:10101000304604F0DFFB069468040994CDE9070428
:1010200006A8FFF743FD8DF8044000948DF80540B5
:1010300002940494074C8DF8145069462046FFF73B
:1010400055FD01212046FFF726FD0CB070BD0000C4
:1010500000040240002101401CB50BF0B9FBDFF891
:10106000B0A2DFF8B0B2DFF8B092002401900A21FC
:1010700001A80EF001FEA94940F6B8324868904236
:1010800001DA401C486001F049FE03F0CFFAA44D9C
:101090002878012805D19AF8000010B92C7001F0C9
:1010A00005FCA0490878C82801D2401C0870C0B2CD
:1010B000642813D99C48007880B99C48007868B9A6
:1010C0009B48007850B99FED9B0A9B4880ED000A31
:1010D0009A4880ED000A9A4880ED000A2878012895
:1010E00005D09148007898B301F030FD5AE09AF8A5
:1010F0000000012815D193490878401CC0B208703F
:1011000064280ED9652008702C7089F800409FED86
:10111000890A8D488BED000A80ED000A8B4880ED2E
:10112000000A8B4E3078012899F8000011D048B1A0
:101130008648347090ED001ADFED7E0A9BED000AC0
:1011400000F024FF307899F8001008430CD029E013
:1011500011E00028ECD17F4890ED001ADFED750A10
:101160007D4890ED000AEBE79FED720AB0EE401A61
:10117000F0EE400A14E06D48007810B104F0B2FBC4
:1011800010E06B48007810B104F0A4F90AE06C4854
:1011900090ED001A6948D0ED000A674890ED000A0A
:1011A00000F0F4FE6D4890ED000ABDEEC00A10EEAE
:1011B000100A05F099FE70B1287830B16848D0F86F
:1011C0000C0210B16748007828B100231A4619466E
:1011D000184600948EE0644DD5ED020A95ED000AA4
:1011E00002F0D0FE00EE100A604EB8EEC00A85EDA7
:1011F000010AD6ED020A96ED000A02F069FF00EE40
:10120000100A5B4FB8EEC00A86ED010AD7ED020A5C
:1012100097ED000A03F002F800EE100ADFF854819F
:10122000B8EEC00A434687ED010AD8ED020A98EDF0
:10123000000A03F0A5F800EE100A44F23C10B8EEE4
:10124000C00A83ED010A03F02BFA0AF0E5FF4A48D1
:101250000078082850D2DFE800F00418325804580B
:101260000404009498ED010ABDEEC00A10EE103A95
:1012700097ED010AB1EE400ABDEEC00A10EE102A49
:1012800096ED010AB1EE400A2AE0009498ED010AB9
:10129000BDEEC00A10EE103A97ED010AB1EE400A19
:1012A000BDEEC00A10EE102A96ED010ABDEEC00A8E
:1012B00010EE101A95ED010AB1EE400A16E02F4823
:1012C0000068009098ED010ABDEEC00A10EE103AD9
:1012D00097ED010ABDEEC00A10EE102A96ED010A44
:1012E000BDEEC00A10EE101A95ED010ABDEEC00A5F
:1012F00010EE100A04F070FD214801F029FB0128CE
:101300007FF4B5AE1F480460B1E60094DAE7000050
:10131000180200201C01002019010020185D002087
:1013200005010020540200200D0200200E020020C2
:101330000C02002000000000280200202C020020E7
:10134000300200201902002020010020240100208A
:101350000401002030010020280100201800002096
:1013600000804142FC010020C85C0020DC5C0020C1
:10137000F05C0020045D0020FD010020240200201C
:10138000C2000020A8020020FEE700001CB50121D9
:10139000084604F0EFF94FF48070009001208DF8BA
:1013A000040000218DF8061003218DF805108DF83A
:1013B00007006946014801F003FB1CBD0000024024
:1013C0002DE9FE4F0024D8B3D1B3CAB3C3B3401E36
:1013D000491EC7B2CEB2521E5B1E02F0FF099DB27B
:1013E0000121082004F0C6F90121480604F0DAF9C9
:1013F00002218DF804104FF0030B4FF000088DF818
:1014000006808DF805B04FF0010ACDF800B08DF8D8
:1014100007A069464D4801F0D3FA092200214B4844
:1014200001F00AFB09220121484801F005FB484868
:10143000C0F80080016841F001010160021D09E06F
:10144000FFE70120BDE8FE8F641CA4B2642C01D923
:101450000220F7E71168C907F6D03D48016801602E
:101460000168016001680160016841F010010160DC
:101470000168016001680160354943461C31C1F8CB
:101480000080D1F80080DDF830C048EA8C7CC1F8DB
:1014900000C0D1F800C04CEA07670F600F6847EA48
:1014A00006560E600F6847EA09460E600E682E4326
:1014B0000E60016821F0010101604FF6F07005E057
:1014C000641CA4B2844201D90320BBE71168C90798
:1014D000F6D12048016841F0010101601D491C312D
:1014E0000A6822F001020A601A4A0C32146844F0B9
:1014F00001041460021D14681460164A1432146842
:101500001460144A40321360121D13600A6842F0DE
:1015100001020A60016803600D481430016841F05F
:101520000201016014208DF808008DF809A08DF8E3
:101530000AB08DF80BA002A803F070FA0122022174
:10154000034800F051FA00207CE70000000C024044
:101550000064004000660040F0B589B002AC07A806
:10156000CDE9000406AB05AA04A9002000F034F977
:101570007A480499012281420ED100210846235C59
:10158000401C1944C0B2C9B20828F8D3082901D1B7
:101590007348027009B0F0BD00209FED721AA1F5EA
:1015A0008073813B0CD0B1F5C17FF3D16E490870D7
:1015B0006E486F4902786F48F2B39FED6F0A51E0B1
:1015C0006E490A706E4908706E4908706E4908705D
:1015D0006E4908706E4908706E4908709DF80900E0
:1015E0009DF8081000EB012000B200EE100A6A48D6
:1015F000F8EEC00A80EE810A80ED000A9DF80B002B
:101600009DF80A1000EB012000B200EE900A63483A
:10161000F8EEE00AC0EE811AC0ED001A9DF80D0048
:101620009DF80C1000EB012000B200EE900AF8EEDD
:10163000E01AC1EE810A00E012E05949594C0978DC
:10164000022908D000EE100AB8EEC00AC0EE010A66
:10165000C4ED000A9EE708F089F884ED000A99E7D6
:101660009FED510A514B81ED000A80ED000A9DF873
:1016700009009DF808104E4C00EB012000B200EE6E
:10168000100A4C4D4D4AB8EEC00A4D4FDFF834C138
:10169000C0EE010AC3ED000A9DF80B009DF80A1088
:1016A00000EB012000B200EE100AB8EEC00AC0EE56
:1016B000010AC4ED000A9DF80D009DF80C1000EB26
:1016C000012000B200EE100A3B49B8EEC00AC0EE9D
:1016D000010A9FED3F0AC5ED000A9DF80E0000F0DB
:1016E00001060E70C0F340111170C0F300123A7081
:1016F000C0F3C0078CF80070DFF8CCC0C0F38000E6
:1017000011448CF80000394408183049087005D19C
:1017100085ED000A84ED000A83ED000A2EB185ED07
:10172000000A84ED000A83ED000A9DF80F002949A4
:10173000802809D9C0F58070A0EB0010400000EEB1
:10174000100AB8EEC00A06E0C0EB0010400000EE40
:10175000100AB8EE400A81ED000A1BE778563412F1
:101760001802002000007A44190200200501002020
:101770000402002008020020000016440F0200208E
:101780000C0200200E0200200D0200204802002062
:101790004902002054020020280200202C020020D0
:1017A000FD01002030020020000096431C010020B3
:1017B0002001002024010020180100203401002015
:1017C00035010020360100203701002019010020DA
:1017D0000000000008010020F0B5224CDDE905758D
:1017E00004EB0014D4F8B06516F004061670D4F8B3
:1017F000B02532D0D2080A60D4F8B01501F0020149
:101800001970D4F8B41501F00F013970D4F8B81577
:101810002970D4F8B815090A6970D4F8B815090CFC
:10182000A970D4F8B815090EE970D4F8BC1529715F
:10183000D4F8BC15090A6971D4F8BC15090CA97152
:10184000D4F8BC15090EE97148B1012804D1064845
:10185000016841F020010160F0BD520DCBE7024864
:10186000001FF5E7006000401064004038B5002418
:10187000009108232246012100F02EF8054640F68B
:10188000FF7301E0641CA4B2284600F07BF807282F
:1018900001D09C42F6D39C4201D3012038BD0020E8
:1018A00038BD38B50024009108232246214600F0B7
:1018B00013F8054640F6FF7301E0641CA4B2284605
:1018C00000F060F8072801D09C42F6D39C4201D377
:1018D000012038BD002038BDF0B506462748059DDB
:1018E0000468640101D5002008E00468240101D5E2
:1018F000012003E00068C0003CD50220204C0027F6
:1019000004EB0014C4F8807599B3F600D4F8807520
:101910003743C4F88075D4F8806546EA8101C4F87D
:101920008015D4F8801541EA4201C4F88015D4F836
:10193000842503F00F0122F00F02C4F88425D4F8A7
:1019400084250A43C4F884252979D5F8052041EA7D
:101950000221C4F88C152978D5F8012041EA02212A
:10196000C4F88815D4F8801541F00101C4F8801539
:10197000F0BD01E0FF20FBE77605C7E70864004003
:1019800000600040174928B1012810D002281BD060
:101990000520704708680A6800F0010002F00202A2
:1019A0000243086800F0806042EA106070470868EF
:1019B0000A6800F0010002F002020243086800F029
:1019C000006042EA5060704708680A6800F0010051
:1019D00002F002020243086800F0805042EA906080
:1019E0007047000008640040002A426901D00A43A1
:1019F00000E08A43426170477CB5174C00206D4679
:101A0000215C2954401CC0B20828F9D3294640F271
:101A10000110FFF746FF00202118097A2954401CC5
:101A2000C0B20828F8D369464FF48170FFF739FF38
:101A300000202118097C2954401CC0B20828F8D382
:101A4000694640F20310FFF72CFF04480078002895
:101A500001D000F005F87CBDA2080020180200208B
:101A60001CB500208DF800001A48DFED1B0A90ED30
:101A7000000A20EE200ABDEEC00A10EE101A09126C
:101A80008DF8011010EE101A8DF8021090ED010A79
:101A900020EE200ABDEEC00A10EE101A09128DF8D1
:101AA000031010EE101A8DF8041090ED020A69462A
:101AB00020EE200ABDEEC00A10EE100A00128DF8CA
:101AC000050010EE100A8DF8060040F20510FFF731
:101AD000E8FE1CBD0C01002000007A4410B5002176
:101AE000642002F01FFD012806D002280BD132200D
:101AF0000AF0F0FD02F0CEFF03490878401CC0B2A6
:101B000008701528F3D010BD005F002030B50346E3
:101B10000020012908D10022094C03E0A55C68409F
:101B2000521CD2B29A42F9D3002908D1044A323267
:101B300003E0545C6040491CC9B29942F9D330BDFE
:101B4000A208002010B504460020012908D1002178
:101B5000044A03E0535C5840491CC9B2A142F9D37E
:101B600010BD0000F40800201CB50AF031FE019001
:101B7000BD4900204FF4FA7401EB8002401C54610F
:101B80000628F9DB4FF49670C1E90104B74EDFF87F
:101B9000E0B2012740F6C4184FF0020900250A21DF
:101BA00001A80EF069F8B34940F6B832486890428F
:101BB00001DA401C4860DFF8C0A2DAF80000401CDF
:101BC000CAF8000001F0AAF8FFF788FFA6490878D4
:101BD000C01E1128E3D2DFE800F00A36094A506936
:101BE00089A9C9EFEDECEB090909EA00D7E74868D4
:101BF0008A46002805DD401ECAF8040044F29F1002
:101C000007E0DAF80800002804DD401ECAF80800E2
:101C10009A4830609A48007808280CD2DFE800F033
:101C20001B0421211B211B1B0095336819464A42C6
:101C3000104604F0D1F8DAF804100029AFDCDAF825
:101C400008000028ABDC00231A4619461846009508
:101C500004F0C2F8A3E700953368184642421146E3
:101C6000E7E700953368184602460146E1E7A721F9
:101C700042F20F7004F008FE91E7087B10B10128D2
:101C800008D010E04869404501DA401D48614045F0
:101C900009DB0F734869A04203DD401F4861A04281
:101CA00001DC81F80C9049695846A5E0087B0228C0
:101CB00002D04C61CBF80040487B10B1012808D01D
:101CC00010E08869404501DA401D8861404509DB24
:101CD0004F738869A04203DD401F8861A04201DC88
:101CE00081F80D9062488969001F85E0487B0228D1
:101CF00003D05F488C61001F0460887B10B101280D
:101D000008D010E0C869404501DA401DC86140456F
:101D100009DB8F73C869A04203DD401FC861A04280
:101D200001DC81F80E90C969564865E0887B02287D
:101D300002D05448CC610460C87B10B1012808D09F
:101D400010E0086A404501DA401D0862404509DBA1
:101D5000CF73086AA04203DD401F0862A04201DC85
:101D600081F80F904748096A001F45E0C87B0228A8
:101D700003D044480C62001F0460087C10B10128A5
:101D800008D010E0486A404501DA401D48624045ED
:101D900009DB0F74486AA04203DD401F4862A0427D
:101DA00001DC81F810903748496A083824E04FE098
:101DB0004AE03EE022E0FFE7087C022803D03148F9
:101DC0004C6208380460487C10B1012808D010E04B
:101DD000886A404501DA401D8862404509DB4F743E
:101DE000886AA04203DD401F8862A04201DC81F8BE
:101DF00011902448896A0C380160D0E600200A1846
:101E0000157301EB8002401C54610628F7DB1D4866
:101E10008A6A0C380260001D4A6A0260001D0A6A64
:101E20000260001DCA69026011488A69001F0260D1
:101E300039E7DAF800006421B0FBF1F0C00703D005
:101E40001148C0F8A072AAE60F48C0F8A052A6E652
:101E500091F82D008A460128CFD105F00FFC8AF8B1
:101E60002D508AF860509AE6005F00201C02002086
:101E700038180040185D0020BC02002061BEFFFF42
:101E8000FD010020400401400000404203498988D0
:101E9000C140C80700D00120704700004800002062
:101EA000174A032809D01346DFED160A93ED000AFE
:101EB000082809D00A280ED015E0012913D11249AB
:101EC0000120096808740EE0022901D001290AD115
:101ED00030EE600A05E0022901D0012903D130EE7D
:101EE000200A82ED000A92ED000AB5EEC00AF1EE7A
:101EF00010FA03D29FED050A82ED000A7047000038
:101F000000020020000048425001002000000000B4
:101F100070B504460020024604EB8001401CC1F865
:101F200088291028F8D300204FF400652118401CA0
:101F300081F81C21A842F9D3227062700120A070A0
:101F4000C4F8C82920764021A171627684F81C2942
:101F500084F81D0984F81F29010284F81E2904F160
:101F60001C00FEF7A2F9294604F58E70FEF79DF9D4
:101F7000122104F62610FEF798F93E2104F63810D7
:101F8000FEF793F9002070BD704700002DE9F0477F
:101F9000F0EE411A2DED108BF0EE0CFAB8EE0CEAD3
:101FA000B0EE602AB0EE6F1AF0EE4E0A0DF002FBB2
:101FB000B0EE408AB0EE6F1AF0EE4E0AB0EE420A72
:101FC0000DF0F8FAB0EE40AAB0EE6F1AF0EE4E0A3D
:101FD000B0EE610A0DF0EEFAFF4CF0EE408A207888
:101FE00018B1012801D006280FD1FC48FC4A00781E
:101FF000F0B382ED008A82ED01AAC2ED028A92ED71
:10200000008A92ED01AAD2ED028AF64D012168699B
:102010000EF06EF8F0EE409A002168690EF068F854
:102020002078DFF8C483F14EF14FF249F24DF34CC2
:10203000B0EE409AF0B3062846D09FEDF1DBDFED1D
:10204000F2EAB6EE00FA012865D002287ED0032815
:1020500005D004287BD00728FCD0052878D191ED45
:10206000000A68EE800AB0EE480A00EECF0A00E0EF
:1020700021E000EE8F8A85ED020AB0EE6F1AF0EED5
:102080004E0A84ED028A0DF095FA85ED020A94ED70
:10209000020AB0EE6F1AF0EE4E0A0DF08BFAC6EDA2
:1020A00002EAC7ED02EAD5ED020A60EEA90AC5ED23
:1020B000020ADFE108E0B0EE681AF0EE4A0AB0EE7C
:1020C000480A03F0C3FE9AE798ED000A91ED001A62
:1020D0007AEE080A30EE010A38EE4A1AF0EE601A7B
:1020E00048EEC00A48EE801AC5ED020AB0EE602A3A
:1020F000F0EE410A08EE801A48EEC00AB0EE420A3D
:10210000C4ED020AC6ED021A87ED021AB0EE6F1A8C
:10211000F0EE4E0ACDE1DFF8F482F0EE4A0A98EDD7
:10212000000A40EE280A20EE280A10EE100AC5ED3B
:10213000020AFEF79FFA2AEE0FFA41EC1C0B1FEE83
:10214000100AFEF797FA41EC1B0B02E083E096E1E0
:102150007DE018EE100AFEF78DFA41EC1A0BB0EE96
:102160004D0AF0EE6D0A08F0CBFE9FEDA91B51EC75
:10217000100B53EC112BFEF75FF953EC1A2BFEF703
:102180005BF953EC1B2BFEF751F953EC1C2BFEF7BC
:10219000ACF8FEF782FAA06098ED000A20EE280A5B
:1021A00010EE100AFEF766FA41EC1A0B1FEE100A49
:1021B000FEF760FA41EC1B0B18EE100AFEF75AFA14
:1021C00041EC180BB0EE4D0AF0EE6D0A08F098FEE7
:1021D0009FED911B51EC100B53EC112BFEF72CF9DA
:1021E00053EC182BFEF728F953EC1B2BFEF71EF9C6
:1021F00053EC1A2BFEF779F8FEF74FFAB06095ED25
:10220000020AB0EE6F1AF0EE4E0A0DF0D3F985ED2A
:10221000020A94ED020AB0EE6F1AF0EE4E0A0DF0CB
:10222000C9F984ED020A96ED020AB0EE6F1AF0EEDB
:102230004E0A0DF0BFF9C7ED02EAD4ED020A20EE16
:10224000090A60EEA90AC4ED020A86ED020ABDEC95
:10225000108BBDE8F0879FED72CA91ED000A8946A8
:1022600020EE0F0A10EE100AFEF704FA41EC1A0BEA
:1022700018EE900AFEF7FEF941EC100B08F080FE14
:10228000B0EE40BAF0EE60BAD8F80000FEF7F2F90E
:1022900053EC1B2BFEF742F953EC1A2BFEF7C6F852
:1022A000FEF7FBF901EE900A9FED5E1ADFED5E0A84
:1022B000B0EE680A0DF07EF9B5EEC00AB0EE40BA95
:1022C000F1EE10FA16D099ED000AF0EE610A40EE38
:1022D0004F0A60EE880A80EEA11AF0EE610A40EE25
:1022E0000F0A20EE880AC0EE210A85ED021AC4ED1D
:1022F000020A03E085ED028A84ED028A9FED4B0A13
:102300002BEE000A10EE100AFEF7B4F941EC1A0B9E
:102310001BEE100AFEF7AEF941EC100B9FED441BCB
:1023200007F0C6FF9FED441B51EC100B53EC112B33
:10233000FEF782F841EC180B1BEE100AFEF79AF933
:1023400041EC100BB0EE4D1AF0EE6D1A07F0B0FF35
:102350009FED3B1B51EC100B53EC112BFEF76CF86F
:1023600053EC182BFDF7C1FF53EC1A2BFEF75EF868
:102370009FED351B53EC112BFDF7B7FFFEF78DF9E1
:1023800000EE100ADFED320A334BB0EE6F1A70EE3A
:10239000600A9FED300A00EE8C0AF0EE4E0ABDEEA8
:1023A000C00A83ED000A95ED020A0DF003F985EDF0
:1023B000020A94ED020AB0EE6F1AF0EE4E0A0DF02A
:1023C000F9F884ED020AC6ED02EAC7ED02EA40F62A
:1023D00098024FF4487141E0FD0100200501002002
:1023E000BC5C00205402002040020020F05C002071
:1023F000045D00203C020020C85C0020DC5C002062
:10240000000000000000084000000000440200201E
:10241000000000000000E0BF000000000000E03FFE
:10242000D7231F440AD7A33E48E1FABEE5D0E23FD6
:10243000000000000000004000000000D34DF43F09
:10244000000000809318E4BF00000000022BF93F59
:102450004C37C93F0080BB442402002018680DF0AF
:10246000B9F8186095ED020A20EE290A85ED020AF6
:1024700094ED020A20EE090A84ED020AE7E691EDE6
:10248000000AD8ED000AB0EE6F1A30EE200A60EEB6
:10249000280AB0EE480A00EECF0A00EE8F8AF0EE6E
:1024A0004E0A85ED020A84ED020A86ED028A87ED66
:1024B000028A0DF07FF885ED020A94ED020AB0EE73
:1024C0006F1AF0EE4E0A0DF075F884ED020A96EDE3
:1024D000020AB0EE6F1AF0EE4E0A0DF06BF886EDC0
:1024E000020A97ED020AB0EE6F1AF0EE4E0A0DF0F6
:1024F00061F8D5ED020A20EE090A60EEA90AC5EDE1
:10250000020AD4ED020A60EEA90AC4ED020AD6ED71
:10251000020A60EE890AC6ED020A87ED020A96E613
:102520001CB50121082003F025F9082000900020A7
:102530008DF8040003208DF8050001208DF80700B8
:102540006946024800F03CFA1CBD0000000C024045
:10255000F0B5012189B0084603F024F901210320D8
:1025600003F008F903258DF8055002264FF40040CA
:102570008DF8046001242B4F00908DF806408DF8F3
:1025800007406946384600F01BFA8DF805508DF873
:1025900004608DF806408DF807400820224C00901A
:1025A0006946204600F00CFA01220F21384600F05F
:1025B00043FA01220321204600F03EFA02A804F06B
:1025C00089FC00244FF6FF70ADF8084003907507B2
:1025D000ADF81040ADF80A4002A9284604F03CFCD2
:1025E00000231A460321284604F057FA05A804F0F0
:1025F000D7FAADF81C4005A9284604F07BFA012162
:10260000284604F02FFA01221146284604F0D0FA99
:102610000021284604F0F6FB0121284604F028FAA0
:1026200009B0F0BD000002400004024030B589B09E
:102630000121022003F0B6F80121022003F09AF8EC
:102640003020039003208DF8110002208DF8100037
:1026500001208DF81200224C8DF8130003A92046AA
:1026600000F0AEF902220421204600F0E5F9022232
:102670000521204600F0E0F9684604F02BFC002418
:102680004FF6FF70174DADF800400190ADF80840CF
:10269000ADF802406946284604F0DEFB00231A46E6
:1026A0000321284604F0F9F905A804F079FAADF8F9
:1026B0001C4005A9284604F01DFA0121284604F013
:1026C000D1F901221146284604F072FA0021284669
:1026D00004F098FB0121284604F0CAF909B030BD86
:1026E000000402400004004030B589B001210420FC
:1026F00003F058F80121022003F03CF8C0200390B9
:1027000003208DF8110002208DF8100001208DF8B3
:102710001200224C8DF8130003A9204600F050F956
:1027200002220621204600F087F9022207212046D6
:1027300000F082F9684604F0CDFB00244FF6FF70EC
:10274000174DADF800400190ADF80840ADF80240DB
:102750006946284604F080FB00231A4603212846D8
:1027600004F09BF905A804F01BFAADF81C4005A97C
:10277000284604F0BFF90121284604F073F901222C
:102780001146284604F014FA0021284604F03AFBCA
:102790000121284604F06CF909B030BD0004024064
:1027A0000008004030B589B00121082002F0FAFF8E
:1027B0000121084602F0DEFF274C022200212046BC
:1027C00000F03AF902220121204600F035F90221F9
:1027D0008DF811108DF81010012103208DF81210C2
:1027E00003908DF8131003A9204600F0E9F868461D
:1027F00004F070FB00244FF6FF70184DADF8004058
:102800000190ADF80840ADF802406946284604F052
:1028100023FB00231A460321284604F03EF905A8AD
:1028200004F0BEF9ADF81C4005A9284604F062F991
:102830000121284604F016F901221146284604F029
:10284000B7F90021284604F0DDFA0121284604F0FA
:102850000FF909B030BD000000000240000C00403C
:1028600072B6FEE7B5EEC00A0E48F1EE10FA04D2D9
:10287000B1EE400A4FF0FF3100E00121FDEEC00A49
:102880008160C0ED000AF8EEE00A30EE600ADFED8C
:10289000060A20EE200ABDEEC00A80ED010A0148BA
:1028A000704700004C03002000007A441CB505A0CE
:1028B000D0E90010CDE9001069460448FEF7D6FFC4
:1028C0001CBD000001010101010101017856341213
:1028D00010B5002003F000F8174C411C00D0206018
:1028E000012002F0F9FF411C01D0144908600220C8
:1028F00002F0F2FF411C01D011490860032002F0F0
:10290000EBFF1049421C00D0486194ED000AB5EE7F
:10291000C00AF1EE10FA04D310EE100A0A4A9042EF
:1029200003DD9FED0A0A84ED000A4869642801D995
:102930003220486110BD0000000200200402002087
:10294000080200205402002000401C460000FA4308
:1029500010B50178002486B0012926D1002101702C
:102960000B460A460846009103F036FA0DF008F8C7
:102970000F48042190ED000A10EE100A01900D4856
:1029800090ED000A10EE100A02900B4890ED000A3C
:1029900010EE100A039009484069049001A807F05E
:1029A00039F9401CC4B20DF027F806B0204610BD1E
:1029B000000200200402002008020020540200202F
:1029C000F0B5002201274FF0030C0B6807FA02F55F
:1029D0002B40AB422CD1066853000CFA03F4A643FB
:1029E00006600E79D0F800E09E4046EA0E060660CA
:1029F0000E79012E01D0022E12D18668A643866080
:102A00004E79D0F808E09E4046EA0E068660466899
:102A1000AE43466045688E799640B6B23543456010
:102A2000C568A543C560CC799C40C3681C43C4609D
:102A3000521C102AC9D3F0BD4B07DB0E9A40C908BF
:102A400010B500EB8100016A0F249C40A143016294
:102A5000016A1143016210BD0183704770B5D04017
:102A600000F001000C460870097B002601250529AD
:102A70003AD2DFE801F00337091D330088B30DF0C7
:102A80004FFF606002200AE00DF04AFF6168401AC3
:102A9000A060217829B1B0F57A7F25D90420207370
:102AA00022E032281FD30DF03BFF60600320F6E7E1
:102AB0000DF036FF61684FF4C872401AA0602178AB
:102AC000012904D090420FD32573012070BD90429C
:102AD000FAD2322808D92573022070BD257303204D
:102AE00070BD01E000B926730020F9E710B50A4C6B
:102AF0000146072301222046FEF71EF82046FEF776
:102B000055F802212046FDF7EAFF0028F9D02046BB
:102B1000BDE81040FDF7E0BF0020014010B50A4CB1
:102B20000146072301222046FEF706F82046FEF75D
:102B30003DF802212046FDF7D2FF0028F9D02046BB
:102B4000BDE81040FDF7C8BF00210140F0B4664861
:102B50006749027865480D780678664804789FEDE5
:102B6000661A664BDFED662ADFED661A664F9FED4B
:102B7000672A674897ED000A6649F1EE400A62B19C
:102B8000012A0AD0062A08D0092C66D2DFE804F010
:102B9000654346494E5156596200092C24D2DFE85C
:102BA00004F02305080B1013181B200080ED000A09
:102BB0000CE080ED000A01E080ED001AC3ED000A90
:102BC00053E0C0ED000AF9E7C0ED000A83ED001AFA
:102BD0004BE0C0ED000A01E080ED001A83ED000A31
:102BE00043E080ED000AF9E780ED001A83ED001A5A
:102BF000012E04D0012D07D081ED001A35E0C0EE82
:102C0000220A60EE820A03E0C0EE220A60EEA10A08
:102C1000C1ED000A29E080ED000A0CE080ED000A19
:102C200001E080ED001AC1ED001A0EE0C0ED000ACF
:102C3000F9E7C0ED000A81ED001A06E0C0ED000AD8
:102C400001E080ED001A81ED002A012E08D0012D4F
:102C500009D00AE080ED000AF5E780ED001AEAE706
:102C600081ED002A01E0C1ED001A022A08D0032AF2
:102C700013D0052A11D0042A0FD0072A0DD01FE047
:102C800091ED000AF0EE000A20EE200AF2EE020AB0
:102C900080EE201A81ED001A12E0D0ED000AF5EE68
:102CA000C00AF1EE10FAD1ED000A03D2F1EE600A8B
:102CB000C1ED000A20EE800AC0EE220AC1ED000A32
:102CC000D0ED000A9FED141A80EE810A80ED000A13
:102CD000D3ED001AC1EE810AC3ED000A91ED001A8E
:102CE000F0BCFFF753B90000FD0100204A020020AC
:102CF0004B02002010020020000000002C020020E7
:102D00000000FA43DB0FC9BF00020020DB0FC93F00
:102D1000280200203002002000007A4470B5022012
:102D20002DED068B02F0B8FD644C2060032002F00C
:102D3000B3FD6060042002F0AFFDA060052002F04A
:102D4000ABFD5F4DE060012168690DF0D1F9B0EE97
:102D5000408A002168690DF0CBF95A4800780828AC
:102D600015D2DFE800F004720B0B045A0404D4ED12
:102D7000000AB8EEE0AAD4ED010A70E0D4ED000A32
:102D80006168B8EEE0AA494253E0F8EEE08A9FEDB0
:102D90004E3A4E494F4A6AEE030A91ED001A4C49E9
:102DA0004E4B60EE811AD1ED000A4B494C4C81EE3E
:102DB000A02A69EE831A61EE812AC2EEA01A69EE9A
:102DC000032A28EE833A82ED002A62EE813A23EE4E
:102DD000013AC3EEA02AC1ED001A83EE201AC3ED1A
:102DE000002A84ED001A78B3062845D0042843D081
:102DF000072841D0032850D005284ED002284CD0B7
:102E0000012807D1C1EE880AC1ED000AC2EE800A8E
:102E1000C3ED000ABDEC068B70BD95F90620216854
:102E2000514300EE901A95F907206168B8EEE0AAC8
:102E3000514300EE901AF8EEE09AD4ED020AB8EE93
:102E4000E09AD4ED030AA0E716E02168494200EEBB
:102E5000901A6168B8EEE0AA494200EE901AA168A3
:102E6000F8EEE09A494200EE901AE168B8EEE09A76
:102E7000494200EE901A88E7C2EE080AC2ED000A45
:102E8000C1EE880AC1ED000AC2EE800AC3ED000A55
:102E9000C1EE000AC4ED000A07E0C2EE080AC2ED66
:102EA000000AC1EE800AC1ED000A0528B2D1BDECCE
:102EB000068BBDE870400CF01BBB0000245D0020B9
:102EC00054020020FD0100200000C842380200200A
:102ED00034020020C85C0020DC5C0020F05C002094
:102EE000045D00202DE9F04100250E4607462C46E2
:102EF00008E03846FFF7FAFD0544052009F0EAFB33
:102F0000641CE4B2B442F4D3B5FBF6F080B2BDE881
:102F1000F081000010B50820FFF700FEFDF77EFBF2
:102F20009FED0E1B53EC112BFDF786FA9FED0D1B49
:102F300053EC112BFDF780FA9FED0C1B53EC112B7A
:102F4000FDF77AFA9FED0B1B53EC112BFDF774FA8A
:102F5000FDF7A3FB00EE100A10BD00006666666672
:102F600066660A4000000000000026400000008065
:102F700014AEEF3F000000000000303FD0F8DC034B
:102F800005F007BBD0F8DC0305F019BB006805F0BD
:102F9000D9BF006805F0DABFC1EB011100EB810079
:102FA000002200F81A2F4270C272827210467047D7
:102FB000C1EB011100EB810090F84C007047C1EBB0
:102FC000011100EB8100806B704710B5044690F84A
:102FD000D403012809D0012084F8D403206805F027
:102FE000C0FF002084F8D40310BD022010BD2DE9DD
:102FF000FF4F83B00546DDE9117690F8D403DDF884
:10300000408093468A4601281CD0CAEB0A1001234F
:1030100005EB800485F8D4334FF0000984F819904B
:103020000698207584F815A084F826700BF07F00B0
:10303000A07551462846FFF7AFFF5FEA0B6005D544
:10304000E37505E0022007B0BDE8F08F84F8179023
:10305000286805F07BFF012F06D1B8F1010F03D1DD
:1030600010B9BC2E00D9BC2684F81880B0B22085D7
:10307000CDF80080CDE9017028685A465146069B7C
:1030800005F0DAFF85F8D493DDE7D0F8DC0305F02E
:103090000DBB2DE9F0030E46DDE906C9DDE9087434
:1030A000C1EB061100EB81010225CA7581F82630BB
:1030B000BCF1000F0AD081F82A50002463B1012B23
:1030C00031D0022B28D0032B16D125E04FF0030876
:1030D00081F82A804C76F0E7BCF1010F0CD11AB1CF
:1030E0008A7E012A19D007E0D7B9012281F83D2054
:1030F00000E0C2B181F82A50C1F82C904F6381F8EA
:103100004C408C634E7581F84D4082790068BDE873
:10311000F003143106F020B812B191F83C20E8E732
:1031200091F83D20E5E781F82A40E5E72DE9F041F7
:1031300004460068064605F010FF012876D1206895
:1031400006F0C4F9002871D0206806F0BFF98002AB
:1031500003D521684FF400104861206806F0B6F9E5
:10316000C00203D521684FF480104861206806F042
:10317000ADF9400103D521684FF0806048612068B7
:1031800006F0A4F9800702D5216802204861206872
:1031900006F09CF9800018D521684FF00050486176
:1031A000D6F84004C00710D11021304605F08AFE41
:1031B000304605F06BFE607A022803D101212068B9
:1031C00006F060F92046FFF7DDFE206806F07EF984
:1031D000C00102D5204600F01FFC206806F076F9F9
:1031E000000705D5204600F0BAF82168082048619C
:1031F000206806F06BF9800123D5206805F0A8FF50
:10320000074600254FF0010814E005F00F0108FA09
:1032100001F038420DD006EB4510D0F80005E9B2B8
:103220000004204603D500F0C6F802E01CE000F0E0
:1032300080FA6D1C6079A842E7D821684FF00070D1
:103240004861206806F042F9C043C0060CD42068EB
:10325000816921F010018161204600F027FC20687F
:10326000816941F010018161BDE8F081F8B5040089
:1032700005D094F8D5032568002610B106E001209A
:10328000F8BD84F8D463204600F028F8032084F8C1
:10329000D503B5F1A04F00D1A671206805F0C2FD9D
:1032A000207C8DF8000094E80F0005F05BFD0225FE
:1032B00060B90121206806F045F938B9207C8DF805
:1032C000000094E80F0006F075F810B184F8D553AB
:1032D000D5E7012084F8D5030020F8BD3EB50121D3
:1032E000084602F047FA0121802002F04FFA4FF41D
:1032F000C050009002208DF8040003208DF80500D6
:10330000104D00248DF8074069462846FFF758FB0A
:103310000A220B212846FFF78FFB0A220C212846A0
:10332000FFF78AFB43208DF8080005208DF809007F
:103330008DF80A4001208DF80B0002A801F06EFB09
:103340003EBD000000000240D0F8DC0305F0CBB920
:10335000D0F8DC0305F0CBB9006806F0DAB8D0F895
:10336000DC0305F06CB910B5044690F8D4030128CD
:103370000DD0012084F8D4030121206805F06AFDF6
:10338000206805F07DFD002084F8D40310BD0220E4
:1033900010BD10B5044690F8D403012809D00120CF
:1033A00084F8D403206806F0FBF8002084F8D403E6
:1033B00010BD022010BD2DE9F05F054600680E46E5
:1033C000074606F07BF8C6EB061140074FF00708EA
:1033D0004FF0040905EB810401D5484633E031463E
:1033E000286806F06BF8C0054FF0080A08D507EB0F
:1033F00046114FF48070C1F8080584F84DA028E00C
:103400003146286806F05AF8000705D507EB461143
:10341000C1F808A506200CE03146286806F04EF8F1
:10342000400509D507EB46114FF48060C1F8080547
:10343000092084F84D000CE03146286806F03EF87B
:1034400000060AD5802007EB4611C1F8080584F86C
:103450004D803146286805F084FD3146286806F025
:103460002DF880052868314604D505F07AFD4FF423
:10347000007059E106F022F8C0074FF0200B4FF022
:10348000010A4FF000084ED007EB4617C7F808B501
:10349000E07E012807D184F81B80D7F8040520F4CA
:1034A0008030C7F80405A87930B1206BD7F8101523
:1034B000C1F31201401AA06384F84DA0C4F84480FF
:1034C0005246C7F808A594F8260030B1022804D067
:1034D00003280AD0012808D013E03146286805F0F7
:1034E00040FD1020C7F808050BE0D7F8000540F0B4
:1034F0000050C7F8000584F84C2031462846FFF7F5
:10350000C4FDA879012807D1208DA16B0144491E73
:10351000B1FBF0F0C00704D014F83C0F80F00100BC
:103520002070BDE8F09F3146286805F0C7FF80068F
:103530000CD507EB4611C1F808B5A07E0128F0D1E3
:1035400084F81BA0032084F84D00B4E031462868BD
:1035500005F0B4FF80074FF0050B75D507EB46105B
:103560000222C0F8082594F84D10012916D006292A
:1035700019D007291CD009291AD0052933D00329CD
:1035800063D004297DD008297ED00229C9D094F8BF
:103590004C2031462846FFF778FDC2E784F84D20DD
:1035A00084F84CA0F3E784F84D2084F84CB0EEE7A3
:1035B00084F84D20616C491C6164022910D9C4F85B
:1035C0004480A27E4146012A07D1E1762177D0F8D6
:1035D000041521F48031C0F8041584F84C90D6E726
:1035E00084F84C2022E084F84D20E17E0129CED1E0
:1035F00094F826100329F3D1A16C491CA164022977
:1036000011D9C4F8488084F81B80616C032901D269
:1036100084F81CA0D0F8041521F48031C0F80415FA
:1036200084F84C9002E084F84C20B0E794F826101F
:1036300009B10229ABD1D0F8001521F0804141F049
:103640000041C0F80015A2E724E084F84D20E17E97
:1036500001299CD184F84C20D0F8041541F4803124
:10366000C0F80415D0F80C1541F04001C0F80C1555
:10367000D0F80C1521F02001C0F80C15D6E700E0B9
:1036800002E084F84D20ABE784F84D20606C401CCC
:103690006064A2E73146286805F010FF400610D5A7
:1036A00007EB46114020C1F8080584F84DB0A07E14
:1036B00008B9C4F8448031462868BDE8F05F05F0D9
:1036C00050BC3146286805F0F9FEC0067FF565AFAD
:1036D00094F82600032803D028B1022803D00FE075
:1036E000C4F8448006E0C4F84480A87910B1E07EB4
:1036F000012818D184F84D903146286805F031FC36
:10370000E07E01280FD107EB461084F81B80D0F82B
:10371000041521F48031C0F80415D0F80C1541F0DF
:103720002001C0F80C15102007EB4611C1F8080560
:10373000F7E62DE9F05F054600680F46064605F0FE
:10374000BDFEC7EB071140074FF0040A05EB8104EB
:1037500005D506EB4711C1F808A5072089E03946D1
:10376000286805F0ABFE80064FF000084FF0010915
:103770004FF0020B28D506EB47112020C1F80805B1
:10378000607E0326012809D184F8198084F84CB0A2
:1037900084F84D603946286805F0E3FBA07E0128D7
:1037A00010D1E07E00280DD194F82600012801D028
:1037B00084F81B9084F84D603946286805F0D1FBE9
:1037C000C4F84480BDE8F09F3946286805F076FECD
:1037D000800506D506EB47114FF40070C1F80805C7
:1037E00049E03946286805F069FEC00720D0C4F8D2
:1037F00044803946286805F061FE400606D506EB90
:10380000471184F819904020C1F80805E07E48B1BE
:1038100006EB471084F81B80D0F8041521F48031A2
:10382000C0F8041506EB47114846C1F8089520E09A
:103830003946286805F042FE40060ED5052084F87A
:103840004D00A07E08B984F81990C4F84480394628
:10385000286805F086FB402028E03946286805F0F6
:103860002DFE00070DD506EB47110820C1F808050D
:10387000062084F84D0039462868BDE8F05F05F061
:1038800070BB3946286805F019FEC00613D5C4F888
:10389000448084F84DA0607E18B9207E08B984F871
:1038A00019903946286805F05CFB102006EB47119B
:1038B000C1F8080586E73946286805F0FFFD0006CF
:1038C0001CD5A87970B1606C401C6064022811D9C5
:1038D000C4F84480524684F84CA039462846FFF785
:1038E000D4FB09E0072084F84D003946286805F02C
:1038F00038FB01E084F84CB08020D7E739462868CF
:1039000005F0DCFD400509D5092084F84D00394655
:10391000286805F026FB4FF48060C7E73946286821
:1039200005F0CCFD8007C5D506EB47115A46C1F816
:1039300008B594F84D00012817D003283AD0042880
:1039400040D005284ED006284FD0072801D009289E
:10395000B0D184F84D20606C401C606402284AD9C4
:10396000C4F8448084F84CA04FE084F84D2084F8DB
:103970004C9094F82600022801D0032845D1A8795C
:1039800028B994F83D0080F0010084F83D00A87942
:1039900001283AD1606B20B3218D0844401EB0FB52
:1039A000F1F0C00731D094F83D0080F0010084F8B8
:1039B0003D002AE084F84D20E07E012825D184F8DE
:1039C0004C2022E084F84D2084F84C20E07E012831
:1039D0001BD184F81B80D1F8040520F48030C1F895
:1039E000040512E084F84D20E9E784F84D20052015
:1039F00084F84C0009E084F84C20D1F8000520F050
:103A0000804040F00040C1F8000594F84C20394651
:103A10002846FFF73AFBD5E67CB504680546D4F89E
:103A200040040190D4F8400420F02E00009001984A
:103A3000800709D50198C00702D02846FFF79EFAF3
:103A4000009840F0020000900198000724D50098EB
:103A500040F008000090019840071AD5687A0228C3
:103A600003D0E87901280CD00FE00198C0F3414061
:103A70000228286803D0012105F004FD05E0022199
:103A8000FAE74EF66020C4F804042846FFF760FC0D
:103A900002E02846FFF758FC01988006009802D5FE
:103AA00040F020000090C4F840047CBD2DE9F041B6
:103AB000024600680746016AC1F3434301F00F065E
:103AC000C1F30A15022B2ED1002D2CD0C6EB061106
:103AD00002EB8104E16A002925D0A26B636B2A44C2
:103AE0009A4222D82A4605F0F5FCE06A2844E062B2
:103AF000A06B2844A06307EB4610D0F81015228D68
:103B0000C1F3C941AA420ED100290CD0D0F800154A
:103B100021F0804141F00041C0F8001514F83C0F3D
:103B200080F001002070BDE8F081042084F84C0092
:103B3000F9E7FEE770B50D4C0025C4F8A8520C4813
:103B4000016821F440010160016841F480010160D5
:103B5000C4F8AC52012004F52A7408F0D7FD012006
:103B6000206008F0D3FD256070BD00000080404259
:103B7000000402401CB50121022001F0FBFD4FF4BE
:103B80004060012400908DF8044000208DF806006C
:103B900003208DF805008DF8074069460448FEF7BC
:103BA0000FFF0448C0F8A842C0F8AC421CBD00009A
:103BB000000402400080404270B50D4C0026C4F85D
:103BC000A8620C48016821F440010160016841F4D9
:103BD000800101600125C4F8AC52284604F52A741E
:103BE00008F094FD2560012008F090FD266070BD6E
:103BF00000804042000402402DE9F0478146184809
:103C00000025016821F44001016001680160154E42
:103C10002C462F464FF00108C6F8A872012008F084
:103C200075FDC6F8A8826806D6F82C12000E11B1F0
:103C300040F0010501E020F00105012008F066FDDB
:103C4000641CE4B2082CE7D3B9F1000F04D0FFF7ED
:103C5000B3FF2846BDE8F087FFF76CFFF9E70000E7
:103C6000000402400080404270B50D46044600F05A
:103C70001BF8204600F0B0F800F05EF8284600F08F
:103C8000ABF800F059F800F00FF844F0010000F034
:103C9000A3F800F051F80120FFF7AEFF044600F052
:103CA0002BF8204670BD000070B51148016821F462
:103CB00040010160016841F4800101600D4C012068
:103CC000C4F8AC02D4F82C1200290FD0C4F8A80212
:103CD00008F01CFD0025C4F8AC52D4F82C020028D2
:103CE00004D1012008F012FDC4F8A85270BD0000F4
:103CF00000040240008040420D4810B5016821F4E4
:103D000040010160016841F480010160094C00201C
:103D1000C4F8A802C4F8AC02012004F52A7408F023
:103D2000F5FC012020606060BDE8104008F0EEBCAA
:103D3000000402400080404270B51248002401682F
:103D400021F440010160016801600F4D0126C5F8B2
:103D5000AC62304608F0DAFCC5F8A86207E0641CE3
:103D6000E4B2322C03D9FFF7C7FF002070BD012059
:103D700008F0CCFCD5F82C020028F0D1C5F8A80238
:103D8000012070BD00040240008040422DE9F04156
:103D90001D4614460F468046069EFFF765FF621CCF
:103DA000FF21C4F1080301FA02F22B445B1ED94043
:103DB0000A43C5F108018E40D2B2F1B2C4F1070343
:103DC000D940104040EA01023946404600F034F83C
:103DD0000120BDE8F08100002DE9F04105461448BE
:103DE000016821F440010160016841F48001016033
:103DF000104E0027C6F8A8723C464FF00108E809AB
:103E0000C6F8AC026806050E012008F07FFCC6F873
:103E1000A882012008F07AFCC6F8A872012008F0F8
:103E200075FC641CE4B2082CE9D3BDE8F081000005
:103E3000000402400080404270B515460E4604461C
:103E4000FFF732FF2046FFF7C7FFFFF775FF304649
:103E5000FFF7C2FFFFF770FF2846FFF7BDFFFFF730
:103E60006BFFFFF749FF012070BD00000F4820B530
:103E7000811C021D08F0CAFC0D484068B0F57A7F2D
:103E800012DB0A491E39CA8B8A810B8CCB81488C84
:103E900008820D88521BCA834A889A1A0A848A8823
:103EA000801A00F580404884204620BDFA5E00203C
:103EB000185D0020164820B5811C021D08F016FD73
:103EC0001448154A154943680120B3F57A7F02DA90
:103ED0000860107019E0124B5D6815B90025157067
:103EE00058604FF496700860094918390A8B4A8265
:103EF0004B8B8B82888BC882CD88521B0A830A89A0
:103F00009A1A4A834A89801A8883204620BD000075
:103F1000F45E0020185D0020FC010020400000201D
:103F2000380100200021D020FFF79EBE08B508F020
:103F30004FFC0F4F0D4C4FF47A7507F1180807F13D
:103F40001E0600900A2168460BF096FE6068A842A3
:103F500007DA4146B81D00F00DF83146044800F07C
:103F600009F8FFF783FFFFF7A5FFEBE7185D0020D7
:103F7000DC5E00200A8802804A884280898881802D
:103F800070470000F0EEE01A11EE900A444A9FEDEF
:103F9000452A4549904291ED071A14DA9FED430AEC
:103FA000434A21EE000A10EE100A81ED070A904202
:103FB00006DA10EE100A10F17F5F01D281ED072AB8
:103FC00081ED082A64E011EE900A3A4A90420BDA39
:103FD000F0EEC01A11EE900A904205DA81ED072A40
:103FE00081ED082A0020704730EEC00A3248344A7A
:103FF00081ED060AD1ED080AD0ED001A2F4870EEC7
:10400000600A60EEA10AD0ED001A41EE800A70EE5F
:10401000810A10EE900AC1ED070A904203DDDFED40
:10402000290AC1ED070A10EE900A274A904203D9E7
:10403000DFED260AC1ED070A81ED080AC87838B31A
:10404000B0EE600AF7EE000AB5EEC00AF1EE10FA23
:1040500003DD30EE600A81ED070AB5EEC00AF1EE2D
:1040600010FA03D230EE200A81ED070A10EE100A92
:10407000B0F1804F08DAB0F1404F05D281ED072A48
:10408000487940F0010002E0487920F001004871D1
:1040900091ED070ABDEEC00A10EE100A704700004D
:1040A0000AD7A33C0000000054020020CDCC4C3FB6
:1040B000000040408FC2753C04020020080200202E
:1040C0000078824600788246007882C6007882C6F0
:1040D000F0EEE01A11EE900A444A9FED452A454958
:1040E000904291ED0A1A14DA9FED430A434A21EEF9
:1040F000000A10EE100A81ED0A0A904206DA10EE6C
:10410000100A10F17F5F01D281ED0A2A81ED0B2A9E
:1041100064E011EE900A3A4A90420BDAF0EEC01ACF
:1041200011EE900A904205DA81ED0A2A81ED0B2A00
:104130000020704730EEC00A3248344A81ED090A47
:10414000D1ED0B0AD0ED001A2F4870EE600A60EE38
:10415000A10AD0ED001A41EE800A70EE810A10EE3D
:10416000900AC1ED0A0A904203DDDFED290AC1ED94
:104170000A0A10EE900A274A904203D9DFED260A78
:10418000C1ED0A0A81ED0B0AC87838B3B0EE600AB7
:10419000F7EE000AB5EEC00AF1EE10FA03DD30EEDC
:1041A000600A81ED0A0AB5EEC00AF1EE10FA03D2F8
:1041B00030EE200A81ED0A0A10EE100AB0F1804FAD
:1041C00008DAB0F1404F05D281ED0A2A487940F073
:1041D000020002E0487920F00200487191ED0A0ADD
:1041E000BDEEC00A10EE100A704700000AD7A33CCB
:1041F0000000000054020020CDCC4C3F00004040A5
:104200008FC2753C0402002008020020007882461C
:1042100000788246007882C6007882C6B0EEE02A36
:1042200012EE100A494A9FED4A1A4A499042D1EDCE
:104230000D1A14DA9FED480A484A21EE800A10EE62
:10424000100A81ED0D0A904206DA10EE100A10F104
:104250007F5F01D281ED0D1A81ED0E1A6EE012EE34
:10426000102A3F4882420BDAB0EEC02A12EE102A22
:10427000824205DA81ED0D1A81ED0E1A0020704799
:1042800030EEC00A3748394A81ED0C0AD1ED0E0AEA
:1042900090ED002A344870EE600A60EE820A90EDDC
:1042A000002A42EE000A70EEA10A10EE900AC1ED5B
:1042B0000D0A904203DDDFED2E0AC1ED0D0A10EE6E
:1042C000900A2C4A904203D9DFED2B0AC1ED0D0A6A
:1042D0002A4881ED0E0A0078032803D0022801D075
:1042E000052801D181ED0D1AC87838B391ED0D0A7A
:1042F000F7EE000AB5EEC00AF1EE10FA03DD30EE7B
:10430000600A81ED0D0AB5EEC00AF1EE10FA03D293
:1043100030EE200A81ED0D0A10EE100AB0F1804F48
:1043200008DAB0F1404F05D281ED0D1A487940F01E
:10433000040002E0487920F00400487191ED0D0A74
:10434000BDEEC00A10EE100A704700000AD7A33C69
:104350000000000054020020CDCC4C3F0000404043
:104360008FC2753C040200200802002000788246BB
:1043700000788246007882C6007882C6FD0100205F
:10438000B0EEE02A12EE100A4E4A9FED4F1A4F4946
:104390009042D1ED101A14DA9FED4D0A4D4A21EEEC
:1043A000800A10EE100A81ED100A904206DA10EE33
:1043B000100A10F17F5F01D281ED101A81ED111A00
:1043C00078E012EE102A444882420BDAB0EEC02A9E
:1043D00012EE102A824205DA81ED101A81ED111ACF
:1043E0000020704730EEC00A3C483E4A81ED0F0A7B
:1043F000D1ED110A90ED002A394870EE600A60EEA6
:10440000820A90ED002A42EE000A70EEA10A10EE38
:10441000900AC1ED100A904203DDDFED330AC1EDD1
:10442000100A10EE900A314A904203D9DFED300AAB
:10443000C1ED100A2F4881ED110A0078032805D03C
:10444000022803D0052801D0012801D181ED101ADE
:10445000C87878B391ED100AF7EE000AB5EEC00AFD
:10446000F1EE10FA03DD30EE600A81ED100AB5EED0
:10447000C00AF1EE10FA03D230EE200A81ED100AE4
:1044800010EE100AB0F1804F08DAB0F1404F05D2BB
:1044900081ED101A487940F0080002E0487920F0D8
:1044A0000800487148790F2804D10020C870012203
:1044B0000A71487191ED100ABDEEC00A10EE100AA3
:1044C000704700000AD7A33C0000000054020020FF
:1044D000CDCC4C3F000040408FC2753C0402002010
:1044E000080200200078824600788246007882C662
:1044F000007882C6FD0100201CB50121102001F0CA
:1045000039F900218DF80410032101208DF80510E0
:1045100000908DF8070069460148FEF751FA1CBD6E
:104520000010024000EE100AB7EE001A70B5F8EE67
:10453000400A3948394D002281EE200ADFED350A64
:10454000037A20EE200A4BB1C271C28202834283F9
:104550008283D5F80032012B00D10272D5F80032E7
:10456000012463B9037A53B9C471438B5B1C9BB2BA
:1045700043838B4203D94283038B5B1C0383DFEDB0
:10458000280A068B80EE801AFCEEC10A10EE903AE3
:104590009BB2B34202D20472032070BDC379B3B39D
:1045A000D5F80032012B09D1838B5B1C9BB283832E
:1045B0008B4203D98283C18A491CC182DFED190A6B
:1045C00080EE801AFCEEC10A10EE901ADFED160A9A
:1045D0008AB2C18A8A420ED280EE801ABCEEC11A1B
:1045E00011EE102A92B28A4205D9D5F8001271B99B
:1045F0000472022070BD80EE801ABCEEC10A10EE7B
:10460000102A92B28A4203D20472012070BDFFE7E1
:104610000020FBE700007A44200000200000424216
:1046200000001644000048420000FA4310B5002183
:104630006420FFF777FF15490968002915D1144A4E
:1046400002F118018C1D012810D0022813D0032874
:104650000BD11049012008700F490878401CC0B2E6
:104660000870012801D90020087010BD0B4B187884
:1046700050B100201870901DFFF77CFC2146BDE86A
:1046800010400348FFF776BC0120F3E71402002036
:10469000DC5E0020A5020020A00200200501002011
:1046A00000EE900A41421E4AB8EEE01A00EE901A5F
:1046B00000B592ED010AF8EEE00A0AF07BFF00EE89
:1046C000900A82ED010A174AB8EEE01A00EE901A3D
:1046D00092ED010AF8EEE00A0AF06CFF00EE900A93
:1046E00082ED010A104AB8EEE01A00EE901A92ED3F
:1046F000010AF8EEE00A0AF05DFF00EE900A82ED92
:10470000010A0A4AB8EEE01A00EE901A92ED010A88
:10471000F8EEE00A0AF04EFF82ED010A00BD00004B
:10472000C85C0020DC5C0020F05C0020045D002000
:1047300070B53C21D020FFF797FA04463B21D020EA
:10474000FFF792FA04EB00201F4C3E21E083D020BB
:10475000FFF78AFA05463D21D020FFF785FA05EBE1
:10476000002020844021D020FFF77EFA05463F211B
:10477000D020FFF779FA05EB0020144900B26084DD
:104780004A680121124B134EB2F57A7F02DA31608A
:10479000197070BD104A156815B900251D7011609B
:1047A0004FF496713160E18BA181228CE2812082ED
:1047B0002388C91AE1836188511A2184A188401A8B
:1047C00000F58040608470BDDC5E0020185D002034
:1047D000FC010020400000204801002070B5442169
:1047E000D020FFF741FA04464321D020FFF73CFADE
:1047F00004EB0020174C46212083D020FFF734FA29
:1048000005464521D020FFF72FFA05EB00206083F5
:104810004821D020FFF728FA05464721D020FFF78E
:1048200023FA05EB00200C4900B2A0834968B1F5DA
:104830007A7F0DDB218B6182628BA282E082E3882A
:10484000C91A21832189511A61836189401AA08381
:1048500070BD0000DC5E0020185D0020BC2801D384
:10486000012210E0622801D302220CE02A2801D3A1
:10487000032208E0142801D3042204E00A2801D30B
:10488000052200E006221A21D020FFF7D5BA10B584
:1048900004464FF47A70844201D9044602E0042CA5
:1048A00000D20424B0FBF4F0401EC2B21921D02083
:1048B000FFF7C2FA6008BDE81040FFF7CFBF7521CF
:1048C000D020FFF7D1B910B580226B21D020FFF79F
:1048D000B3FAC82007F0FEFE00226B21D020FFF7BC
:1048E000ABFA012000F03AF8002000F02EF8322058
:1048F000FFF7CDFF00223821D020FFF79DFA0022DC
:104900006A21D020FFF798FA00222321D020FFF758
:1049100093FA80223721D020FFF78EFA7521D0201C
:10492000FFF7A2F9682801D0012010BD01226B21F8
:10493000D020FFF781FA00226C21D020FFF77CFA0B
:104940003220FFF7A4FF002010BD08B5022300901D
:1049500004221C21D020FFF719FA08BD08B5022354
:10496000009004221B21D020FFF710FA08BD0000A0
:1049700008B507F02DFF0F4F0D4C4FF47A7507F176
:10498000180807F11E0600900A2168460BF074F91A
:104990006068A84207DA4146B81DFFF7EBFA3146D6
:1049A0000448FFF7E7FAFFF7C3FEFFF717FFEBE74F
:1049B000185D0020DC5E0020124910B51048086028
:1049C00001221149114803F07FFD08B1FDF748FFAE
:1049D0000F490E4804F065F908B1FDF741FF0D4994
:1049E0000A4804F05EF908B1FDF73AFF074804F001
:1049F0009FF9002803D0BDE81040FDF731BF10BD7E
:104A00005401002050010020458D0008446300201F
:104A1000C8020020E8020020FEE7704730B50F23EF
:104A2000C27801780125FAB1144A126801F1E02137
:104A300002F4E062C2F5E062C2F30722C2F10404AC
:104A4000D3404278A24084781C401443220181F86C
:104A50000024007800F01F018D404009800000F123
:104A6000E020C0F8005130BD01F01F00854048092A
:104A7000800000F1E020C0F8805130BD0CED00E076
:104A80000249084302490860704700000000FA0527
:104A90000CED00E0BFF34F8F04480168044A01F4B5
:104AA000E06111430160BFF34F8FFEE70CED00E0C2
:104AB0000400FA0510B40021084B0A46002003EB5D
:104AC000C004401CC0B262548028F8D3491CC9B24B
:104AD0000829F3D310BC00F0F1B8000058030020FF
:104AE0002DE9F0471F4690460E4682460025DDF828
:104AF000209011E03146504600F004F9544607E09A
:104B000019F8050001216D1C00F09CFA641CE4B248
:104B10004445F5D3761CF6B2BE42EBD3BDE8F08730
:104B200010B57F2816D83F2914D80723A3EBD1034B
:104B300001F00701C1F107040121A140064CDBB2DD
:104B400004EBC000002AC25CC9B201D00A4300E0F5
:104B50008A43C25410BD000058030020F0B5164629
:104B60000D4607460024FFF7DBFF3246294638464C
:104B7000FFF7D6FF2819C1B232463846FFF7D0FFFB
:104B8000641CE4B2082CF5D3F0BD00007CB5012113
:104B9000082000F0EFFD01268DF8046000244FF49A
:104BA000F0408DF8064000908DF805408DF80740E4
:104BB00069464048FDF704FF0121080700F0F2FDB7
:104BC000012000F0D1FD002000F058FE002000F090
:104BD000CBFD394DC5F8B042642005F52C7507F0C2
:104BE00079FD2E600021AE2000F02CFA0021D520A6
:104BF00000F028FA0021502000F024FA0021A8201B
:104C000000F020FA00213F2000F01CFA0021D32000
:104C100000F018FA0021084600F014FA00214020A4
:104C200000F010FA00218D2000F00CFA0021142071
:104C300000F008FA0021202000F004FA00210220F0
:104C400000F000FA0021A12000F0FCF90021C020B2
:104C500000F0F8F90021DA2000F0F4F90021122028
:104C600000F0F0F90021812000F0ECF90021EF20A4
:104C700000F0E8F90021D92000F0E4F90021F1204A
:104C800000F0E0F90021DB2000F0DCF90021302009
:104C900000F0D8F90021A42000F0D4F90021A620CA
:104CA00000F0D0F90021AF2000F0CCF9FFF702FFAF
:104CB0007CBD0000000C02400080414270B5104EE7
:104CC000002505F1B000C0B2002100F0BBF90021C1
:104CD000084600F0B7F90021102000F0B3F90024D5
:104CE00006EBC4000121405D00F0ACF9641CE4B2A5
:104CF000802CF5D36D1CEDB2082DE2D370BD000001
:104D00005803002010B50446B031C8B2002100F0AD
:104D100099F9102040EA1410002100F093F904F0F2
:104D20000F00BDE81040002100F08CB970B51546A9
:104D30000E4604460CE02A463146204600F0A8F80C
:104D40001034E4B2702C02D900241036F6B2AD1C37
:104D500028780028EFD170BD70B515460E46044680
:104D60000CE02A463146204600F04EF80C34E4B2FE
:104D7000742C02D900240C36F6B2AD1C2878002819
:104D8000EFD170BD2DE9F04F203A98460D4683468D
:104D9000894602F0FF0A00262EE0B8F10C0F08D079
:104DA000174901EB0A100027845D200607D5099AF0
:104DB00008E014490AEB4A0001EB8000F3E7099888
:104DC00090B1002229465846FFF7AAFE6D1C6006E6
:104DD000EDB2040EA5EB0901414507D10BF101002D
:104DE0004D4600F0FF0B05E00122EBE77F1CFFB210
:104DF000082FDAD3761CF6B24645CED3BDE8F08F45
:104E000030120108BC0D01082DE9F74F1725147861
:104E10001E4B8B46002000EB800101EBC00113F814
:104E20001160A6422DD103EB4109567899F8011083
:104E3000B14226D100254FF0800A09EB0500009908
:104E400090F8028005F0010000240BEB550701EB00
:104E5000C0062AFA04F010EA080F06EB0400F9B2C3
:104E6000C0B201D0012200E00022FFF759FE641C0D
:104E7000E4B2082CEDD36D1CEDB2182DDDD3BDE8E6
:104E8000FE8F401CC0B2A842C5D3F8E7CE2501086A
:104E90002DE9F74F672514781D4B8B46002000EB5A
:104EA000001113F81160A6422DD103EB4109567889
:104EB00099F80110B14226D100254FF0800A09EB84
:104EC0000500009990F8028005F0010000240BEB2A
:104ED000550701EBC0062AFA04F010EA080F06EBAA
:104EE0000400F9B2C0B201D0012200E00022FFF7B5
:104EF00017FE641CE4B2082CEDD36D1CEDB2202D1E
:104F0000DDD3BDE8FE8F401CC0B2A842C7D3F8E78E
:104F1000201801080149012048707047A0020020B4
:104F20002DE9FF4F81B00027DDF838B01D469246CD
:104F300080463C464FF001094FEA5B0627E0281BFC
:104F4000401EC1B20A2007F0C3FEBAFBF0F00A21EE
:104F5000B0FBF1F201FB120027B9691E8C4201DAA5
:104F600048B101273030C2B206FB0480C0B25B46B4
:104F7000CDF8009006E006FB0480C0B25B4620221C
:104F8000CDF800900299FFF7FDFE641CE4B2AC423C
:104F9000D5D305B0BDE8F08FF8B516460D460446EA
:104FA000012714E07A2C02D900241035EDB23A2DF5
:104FB00003D900242546FFF77DFD009732780C23A6
:104FC00029462046FFF7DEFE0834E4B2761C30782E
:104FD0000028E7D1F8BDF8B516460D46044601276E
:104FE00014E07A2C02D900241035EDB23A2D03D901
:104FF00000242546FFF75EFD0097327810232946EE
:105000002046FFF7BFFE0834E4B2761C3078002853
:10501000E7D1F8BD30B50A4D00242868C11700EB70
:105020001170B4EB201F01DA012200E00022002100
:105030002046FFF793FD641CE4B2802CEDD330BD15
:105040005002002030B500230E4A012411B1C2F8ED
:10505000AC4201E0C2F8AC320021C2F8B832050619
:1050600002D5C2F8B44201E0C2F8B432C2F8B84284
:105070004006491C000EC9B20829EED3C2F8AC4262
:1050800030BD0000008041420148FEF74FB80000EB
:10509000645F00200020044A01461154401CC0B245
:1050A0000928FAD370470000580700202DE9F8437B
:1050B00001250746ADF800501B4800264670ADF8A4
:1050C00000501A4C80464FF6FF7924E0BDF80000EE
:1050D000384202D0C4F8B05201E0C4F8B062C4F85B
:1050E000A052052007F012FBC4F8A062052007F0CB
:1050F0000DFBC4F8A052D4F83C0230B198F801106E
:10510000BDF80020114388F80110BDF8001009EA2D
:105110004100ADF80000BDF80000FF28D6D9BDE879
:10512000F843102007F0F2BA58070020000042426E
:1051300070B5FFF7AFFF00F01BF9244D6C78412CE0
:1051400003D0202C01D0FF2C07D100F065F90922F3
:105150001F491E48FBF790F86C70002108462A5C36
:10516000401C1144C0B2C9B20928F8D318481C38F1
:1051700079B100210170296840F8251F69684160F4
:10518000297A0172B5F80310C94320F8211CC8B26E
:1051900070BD0178491CC9B201700A290BD90B21D5
:1051A0000170C169C0F82510016AC0F8291090F893
:1051B000241080F82D10D0F825102960D0F829107F
:1051C000696090F82D102972D5E70000580700207B
:1051D0006400002010B5154C0020C4F8A80210206F
:1051E00004F52A7407F092FA0120FFF75FFF4320CD
:1051F000FFF75CFF0020FFF759FF0120FFF756FF84
:105200000020FFF753FF0020FFF750FF0020FFF7BB
:105210004DFF0020FFF74AFF0020FFF747FF012066
:105220002060BDE81040102007F070BA0000424234
:1052300010B5154C0020C4F8A802102004F52A74FB
:1052400007F064FA0120FFF731FF4320FFF72EFF3C
:105250000020FFF72BFF0020FFF728FF5A20FFF761
:1052600025FF5A20FFF722FF5A20FFF71FFF5A2081
:10527000FFF71CFF5A20FFF719FF01202060BDE84F
:105280001040102007F042BA000042427CB50121D4
:10529000102000F06FFA4FF40040002400908DF8C9
:1052A000044003208DF805000D4E02258DF80750AF
:1052B00069463046FDF784FB01218DF804108DF816
:1052C00006404FF4A8508DF8055000908DF8071057
:1052D00069463046FDF774FB00F004F87CBD000021
:1052E0000010024003490420087004490248086085
:1052F000704700004C0100205000002050010020A9
:1053000070B5FFF715FF1848184CC1792170017A64
:10531000C1F1FF0161704179A1708079E0700820CE
:10532000FCF7B4FDFF25002608B1257100E02671C9
:105330000920FCF7ABFD08B1657100E066710A4D0C
:105340000A4E00240C35083E05EB04112246B088B5
:10535000FDF784FB010002D02046FCF7A1FD641C90
:10536000E4B20F2CF0D970BD580700205000002087
:105370002DE9FC4100268DF800600125ADF80450B0
:10538000224CC4F8A862224F3878FFF78FFE787855
:10539000FFF78CFE02208DF800001E4F4FF6FF78BD
:1053A0002CE0ADF804501DE0C4F8A052052007F031
:1053B000ADF9C4F8A062052007F0A8F9C4F8A0521E
:1053C000D4F83C0240B19DF80000BDF80410385CF0
:1053D00008439DF800107854BDF8041008EA410015
:1053E000ADF80400BDF80400FF28DDD9102007F057
:1053F0008DF99DF80000401C8DF800009DF800001C
:105400000928CED3C4F8A852BDE8FC81000042426E
:10541000490000205807002010B500F00DF800F0FA
:105420000BF800F009F8FFF7D5FE00F027F8BDE80B
:105430001040FFF7FDBE000010B50F4C0020C4F86F
:10544000A802102004F52A7407F060F90120FFF784
:105450002DFE4220FFF72AFE0020FFF727FE002046
:10546000FFF724FE0020FFF721FE01202060BDE8A9
:105470001040102007F04AB90000424210B5144C09
:105480000020C4F8A802012004F52A74FFF70EFEDC
:105490004420FFF70BFE0020FFF708FE0120FFF776
:1054A00005FE0320FFF702FE0020FFF7FFFD0020AE
:1054B000FFF7FCFD0020FFF7F9FD0020FFF7F6FDE8
:1054C00001202060BDE81040102007F01FB9000047
:1054D0000000424270B52DED068BDFED8AAA9FEDEC
:1054E0008AAA8A4CB0EE4A9A206841787F3900EE49
:1054F000101A0178F8EEC08AC1F17F0100EE101A8F
:105500008178F8EEC09AC1F17F0100EE101A80494F
:10551000B8EEC08AB0EEE80A10EE102A9FED7D0AC0
:105520008A4201DAF0EE408AF0EEE90A10EE902AA3
:105530008A4201DAF0EE409AF0EEC80A10EE902AA4
:105540008A4201DAB0EE408A73490978052904D00D
:1055500002291DD003291BD02FE0FDEEE80A10EE32
:10556000901A11BB0179407909B130B10DE060B1F9
:1055700000EE100AB8EE409A04E0484200EE100A2D
:10558000B8EEC09AF0EE6A8A17E0B0EE409A14E0E6
:10559000B0EEC80A10EE101A604A91420DDAC168E6
:1055A0000F20884710B1B0EE6A8A06E02068C16813
:1055B0000D20884708B19FED5A8A88EEAA0A5948FB
:1055C000594A5A4BD0ED000A89EE0A1A20EE200AF9
:1055D00020EE011A89EEAA0A82ED001A60EE201A66
:1055E00088EE2A0AC3ED001A9FED512A20EE020A26
:1055F0009FED502A50495148C0EE822A20EE220ADF
:1056000081ED000A007810B3012820D006281ED0B2
:10561000022808D0032811D005280FD004280DD067
:1056200007280BD019E0F0EE000A20EE200AF2EE77
:10563000020A80EE202A81ED002A0EE0B5EEC01AA3
:10564000F1EE10FA03D2B1EE400A81ED000A20EE2D
:10565000200AC0EE020AC1ED000A9FED392A81EE50
:10566000020AC1EE820A82ED000AC3ED000A91ED42
:10567000001AFCF78BFC3348344D3549B0F9220051
:1056800000EE100AF8EEC00A9FED2F0A80EE808A25
:1056900095ED120A30EE480AB0EEC00A10EE100A7C
:1056A000884229DD2B484068B0F57A7F24DD2068E8
:1056B00082680AB310EE100A884201DA002019E06D
:1056C00010EE100A2449884201DD9FED240ADFED27
:1056D000240A9FED241A30EE600A60EE0A0A80EE7A
:1056E000810AF6EE000A30EE200ABCEEC00A10EE87
:1056F000100AC0B20021904785ED128ABDEC068BDE
:1057000070BD00000000FE4200007F4350010020F9
:105710000000A041000000004C01002017B7D13864
:105720000000FEC200020020280200202C020020FF
:10573000DB0FC93F0000FA4330020020FD010020CA
:1057400000007A44DC5E0020E1FAD04454020020DC
:10575000CDCCCC3D185D00209A99993F9A99993FFC
:10576000CDCCCC3DCDCC8C3F0149086270470000C8
:1057700000000E42044A0029116801D0014300E0F4
:10578000814311607047000030380240044A00290C
:10579000116801D0014300E08143116070470000AF
:1057A00034380240044A0029116801D0014300E066
:1057B000814311607047000040380240044A0029CC
:1057C000116801D0014300E081431160704700007F
:1057D00044380240044A0029116801D0014300E026
:1057E00081431160704700002438024070B5204B9F
:1057F0001968204C11F00C0104D06610042903D064
:10580000082903D004601BE0066019E0184A121F43
:105810001168C1F38055116801F03F0115B1B6FB65
:10582000F1F101E0B4FBF1F114681268C4F38814DB
:105830006143C2F30142521C5200B1FBF2F101601C
:1058400019680F2202EA11110B4A545C0168E14009
:1058500041601C68072505EA9424145D21FA04F4CC
:1058600084601B6805EA5333D25CD140C16070BDCF
:10587000083802400024F400780100200549002285
:105880000A700A70012802D0042801D1052008708E
:1058900070470000703802400021022807D003281A
:1058A0000BD004280BD005280BD0002070474FF0F8
:1058B0008042506A516200B27047044A02E0044AD2
:1058C00000E0044A1068116000B2704724040040F0
:1058D00024080040240C0040014951F82000704782
:1058E000000006082DE9F0414FF4FA66634B77108B
:1058F00032463946186809F06DFE614D186032462F
:105900003946286809F066FE5E4C28603246394602
:10591000206809F05FFE32465B4E206039463068F1
:1059200009F058FE30602A6821681B686FF0630434
:10593000A2F2DC52A0F2DC50A1F2DC51A3F2DC5363
:10594000A24202DD642A00DA0022A04202DD6428BD
:1059500000DA0020A14202DD642900DA0021A3421E
:1059600002DD642B00DA002300EE101A474CB8EE7B
:10597000C00AD4ED000A30EE800ABDEEC00A10EE77
:10598000101A002900DA00214FF4FA754A4392FBFD
:10599000F5F24042484390FBF5F000EE102ADFEDAF
:1059A0003E1A3B4CF8EEC00A00EE100A5842394D40
:1059B000B8EEC01A00EE100A394AC4ED000AB8EE7B
:1059C000C00A384885ED001A20EE212ADFED331A8F
:1059D00082EE210A82ED000A007870B101280CD015
:1059E00006280AD002280FD0032814D0052812D088
:1059F000042810D007280ED022E002EE101AB8EECC
:105A0000C22A20EE020A17E0F0EE001A20EE210A68
:105A1000F2EE021A10E0F5EEC00AF1EE10FA03D22F
:105A2000B1EE400A82ED000AB0EE402A00EE101AF4
:105A3000B8EEC00A22EE000A80EE212A82ED002A8A
:105A40009FED190A1949C0EE801AC1EE000AC4ED93
:105A5000001AC5ED000A887A38B19FED150A401E7C
:105A600084ED000A82ED000A887292ED001A94ED2E
:105A7000000ABDE8F041FCF789BA00009000002060
:105A800094000020980000209C00002000020020CC
:105A9000280200202C020020DB0FC93F0000FA433F
:105AA00030020020FD01002000007A445402002052
:105AB00000000000114B10B5A3F120020024917AE0
:105AC0004C28585400D099B1491CC8B2907204288F
:105AD0000DD1947218784C2809D158784F2806D1E6
:105AE0009878472803D1D878332803D0547010BD54
:105AF000947210BD0120507010BD0000E000002025
:105B000010B551EC100B2DED068BB0EE439AF0EE74
:105B1000629AB0EE42AAF0EE618AB0EE418AFAF7DC
:105B2000BCFDBDEECA0A154910EE102ABDEEE90A09
:105B3000086081ED018A10EE103AC1ED058AC1E9D5
:105B4000022381ED049A9900514300EE101A0C498A
:105B5000B8EEC00A81ED000A9FED0A0A0A4929EE53
:105B6000000A81ED000A09490860094880ED008AB1
:105B70000848C0ED008ABDEC068B10BD345D0020E6
:105B800034020020DB0F4940380200203C02002094
:105B9000400200204402002010B53F4C40F20510A6
:105BA0000A2120600920FDF79DF9216890FBF1F0A2
:105BB0003A49C0B20728087001D907200870C0B25E
:105BC0009FED370A9FED371A9FED373A082862D2CA
:105BD000DFE800F004111C27303B4653B0EE403A9A
:105BE000F0EE411AF2EE0A2AB3EE0E2A9FED2F1ABA
:105BF0009FED2F0B4BE09FED303AF2EE0A2AB3EE09
:105C00000E2ADFED2E1A9FED2E0B40E0F0EE411A2A
:105C1000F2EE0A2AB3EE0E2A9FED2B1A9FED2B0B04
:105C200035E0F2EE0A2AB3EE0E2AF0EE411A9FEDAD
:105C3000290B2CE0F0EE411AF2EE0A2AB3EE0E2AFE
:105C40009FED261A9FED260B21E09FED273AF2EEFD
:105C5000062A9FED262AF0EE411A9FED250B16E04D
:105C6000B0EE403AF0EE411AF2EE0A2AB3EE0E2AF6
:105C70009FED211A9FED210B09E0F0EE411A9FEDF7
:105C8000211A9FED210BF2EE0A2AB3EE0E2ABDE88F
:105C90001040FFF735BF10BD20020020FD0100209D
:105CA0009A99993D00000000B81E853D7B14AE3DD9
:105CB000022B8716D9CEB73F8FC2753D643BDF3DBF
:105CC0000000000000000000BC74133E00000080D3
:105CD0006ABCC43F00000040E17AC43FE926313E7F
:105CE000000000C09DEFC73F1283403D00003442DA
:105CF000000000008195C33FC1CAA13D713D0AD794
:105D0000A370BD3F9CC4203E000000205A64CB3FDE
:105D10000121417000220270426002724172418191
:105D2000704700000CB500222749009201920868D4
:105D300040F4803008604FF4A043086800F400305D
:105D400001900098401C0090019810B9009898426A
:105D5000F3D10868800334D5012001901A484030FF
:105D6000026842F0805202601848026842F44042E1
:105D700002601548083002680260026842F400427E
:105D80000260026842F4A0520260031F104A1A60C7
:105D90000A6842F080720A600A689201FCD50D49D7
:105DA00040F205720A60016821F003010160016898
:105DB00041F0020101600168C1F381010229FAD1B9
:105DC0000CBD01920CBD0000003802400070004084
:105DD00008544007003C0240F0B5174E174F059D90
:105DE00044F29F14002803DA34602044386002E053
:105DF0003C60201A30601248002903DA44632144D1
:105E0000816302E08463611A41630E48002A03DA69
:105E100084631119416302E04463A11A8163002B7A
:105E200003DA04641919C16302E0C463E11A01646E
:105E300005480560F0BD000034440140344801408D
:105E400000400140000001403818004000B5B0EEAD
:105E5000412AF0EE602AB0EE401A9FED4C0A4C4801
:105E6000007808B19FED4B0A4B48D0ED001ADFEDEA
:105E70004B0AB5EEC01AF1EE10FA02DD71EE801A8F
:105E80000EE0B5EEC01AF1EE10FA02D271EEC01AB1
:105E900006E0B5EEC01AF1EE10FA03D161EEA01AD9
:105EA000C0ED001A3C49F5EEC02AD1ED011AF1EE21
:105EB00010FA02DD71EE801A0EE0F5EEC02AF1EE66
:105EC00010FA02D271EEC01A06E0F5EEC02AF1EE29
:105ED00010FA03D161EEA01AC0ED011A2E49B5EEF9
:105EE000C02AD1ED021AF1EE10FA02DD31EE800A7D
:105EF0000EE0B5EEC02AF1EE10FA02D231EEC00A81
:105F000006E0B5EEC02AF1EE10FA03D121EEA00AA8
:105F100080ED020AB0EE410A06F01EFCF0EE400AE7
:105F2000B0EE410A06F018FCF1EE401AB0EE601A2D
:105F300090ED000AF0EE610A09F03CFB80ED000AEA
:105F4000B0EE620A06F008FCB0EE401AB0EE620A4B
:105F500006F002FCF1EE400A90ED010A09F02AFB7E
:105F600080ED010AB0EE420A06F0F6FBB0EE401AF0
:105F7000B0EE420A06F0F0FBF1EE400A90ED020AA4
:105F800009F018FB80ED020A00BD00000AD7233C8F
:105F90000C020020CDCC4C3DBC5C00206666663F08
:105FA00070B50646D0F8800990B04021C4696846B3
:105FB000FAF77BF980208DF8000001208DF80100B0
:105FC000237840226946304602F0C9FA0028F7D10A
:105FD000642001F0D8FC02258DF80150237840227E
:105FE0006946304602F0BBFA0028F7D1642001F080
:105FF000CAFC03208DF80100237840226946304610
:1060000002F0ADFA0028F7D1642001F0BCFC8DF855
:106010000150237840226946304602F0A0FA002859
:10602000F7D1642001F0AFFC04208DF80100237843
:1060300040226946304602F092FA0028F7D16420E7
:1060400001F0A1FC10B070BD4FF0E02104280869F8
:1060500003D020F004000861704740F00400FAE724
:1060600010B50AF04FFC012803D0BDE810400AF03B
:10607000E3B810BD124810B5016841F47001016029
:106080001048016841F0010101600E4A0021083208
:10609000116002680C4B1A400260031D0B4A1A6023
:1060A000026822F48022026006480C300160FFF78B
:1060B00039FE03494FF000608039086010BD0000D0
:1060C00088ED00E000380240FFFFF6FE10300024AB
:1060D00070B5048C24F001040484058B048C4FF605
:1060E000FF7606EA0313134325F0F3052B4324F050
:1060F0000A020A4342F001010383018470BDF0B536
:10610000048C24F010040484078B068C4FF6FF7473
:1061100004EA011527F4734704EA0331394304EA1A
:1061200002220A4326F0A001294341F01001028314
:106130000184F0BD2DE9F041884607468AB001216F
:106140000220FFF717FB01214804FFF737FB1F4E22
:10615000032208213046FCF76FFC02208DF8040072
:106160000024C0018DF80640012500908DF80750ED
:1061700003208DF8050069463046FCF721FC144EDB
:10618000ADF808800397ADF81040ADF80A4002A9B9
:10619000304600F061FE6020ADF81400ADF81650F6
:1061A000ADF8204005A9304600F00AFD0821304630
:1061B00000F03CFD0121304600F04AFC0121304650
:1061C00000F056FC0AB0BDE8F08100000004024077
:1061D000004401402DE9F041884607468AB001217C
:1061E0000220FFF7C7FA01218804FFF7E7FA214EE2
:1061F000032209213046FCF71FFC02208DF8040021
:10620000002400028DF80640012500908DF807500B
:1062100003208DF8050069463046FCF7D1FB164E89
:10622000ADF808800397ADF81040ADF80A4002A918
:10623000304600F011FE6020ADF81400ADF81650A5
:10624000ADF8204005A9304600F0BAFC08213046E0
:1062500000F0ECFC0121304600F014FC0121304636
:1062600000F0F6FB0121304600F002FC0AB0BDE868
:10627000F081000000040240004801402DE9F04197
:10628000884606468AB001214020FFF78BFA01219B
:106290000220FFF76FFA02208DF818004FF44040FB
:1062A000059003208DF819000024264F8DF81A4020
:1062B00001258DF81B5005A93846FCF781FB092202
:1062C0000E213846FCF7B8FB09220F213846FCF7AF
:1062D000B3FB08961C4EADF81C80ADF82440ADF819
:1062E0001E4007A9304600F0B7FD6020ADF8000061
:1062F000ADF802500294ADF80C40ADF8104069467C
:10630000304600F05DFC6946304600F095FC0821FF
:10631000304600F08BFC0821304600F0D7FC01210C
:10632000304600F0AFFB0121304600F0A1FB0649EA
:1063300040F2DC5038310860091F08600AB0BDE83F
:10634000F081000000040240001800402DE9F041F7
:106350008846074601218AB00846FFF72FFA012137
:106360001020FFF707FA354E012209213046FCF7CD
:1063700063FB01220B213046FCF75EFB01220D215D
:106380003046FCF759FB01220E213046FCF754FB46
:106390004FF4D440059002208DF8180003208DF8AA
:1063A000190000248DF81A4001258DF81B5005A90D
:1063B0003046FCF705FB224EADF81C800897ADF87F
:1063C0002450ADF81E4007A9304600F045FD60207E
:1063D000ADF80000ADF80250ADF80C40694630460B
:1063E00000F0EEFB6946304600F026FC6946304678
:1063F00000F076FC6946304600F0C0FC01213046D2
:1064000000F040FB0821304600F010FC0821304627
:1064100000F05CFC0821304600F0AAFC0821304660
:1064200000F0E6FC0121304600F012FB012130466D
:1064300000F01EFB0AB0BDE8F08100000010024031
:10644000000001404FF08040018A018A21F00101E3
:106450000182704703480188018821F00101018011
:10646000704700001004004003480188018821F0B3
:1064700001010180704700001008004003480188B6
:10648000018821F00101018070470000100C0040DC
:1064900003480188018821F0010101807047000054
:1064A000101800402DE9F0479F480024C169B1F55C
:1064B000C86F13DD9D490A7882B99D4A5268B2F5CA
:1064C0007A7F0BDB01220A709A490C709A490C7092
:1064D0009A490C709A490C709A490C708046007861
:1064E000994D000642F20F764FF4FA7735D4022127
:1064F000284600F0F3FA80B30221284600F0B5FAEE
:1065000098F800004006284645D500F0DFFA80B232
:10651000A8F80A00B8F808204146904201D28E63DC
:1065200000E08C63801A8A6B104488618A6A801A42
:1065300000D54042B84207DD0879401CC0B208715E
:10654000052801D88A6100E00C718869886288F8A2
:1065500000400021284600F063FB98F80100000687
:1065600043D40421284600F0B9FAA0B304212846F8
:1065700000F07BFA98F801004006284653D500F059
:10658000A7FA80B2A8F80E00B8F80C10424688426C
:106590000ED2D6630DE000F099FA0146A8F8081073
:1065A00098F8001041F0400188F800100221D1E76E
:1065B000D463401AD16B0844D061D16A401A00D527
:1065C0004042B84208DD5079401CC0B250710528E5
:1065D00002D8D16101E008E05471D069D06288F836
:1065E00001400021284600F067FB98F802000006F1
:1065F00043D40821284600F071FAA0B308212846A8
:1066000000F033FA98F802004006284654D500F00E
:1066100061FA80B2A8F81200B8F810104246884219
:106620000ED216640DE000F053FA0146A8F80C10E3
:1066300098F8011041F0400188F801100221D1E7DB
:106640001464401A116C08441062116B401A00D592
:106650004042B84208DD9079401CC0B290710528D4
:1066600002D8116201E008E09471106A106388F8A2
:1066700002400021284600F071FB98F80300C14653
:1066800000064FD41021284600F028FA002849D0EF
:106690001021A846284600F0E8F999F803004D4675
:1066A000400633D5404600F017FA80B2E882A98A46
:1066B00088420ED26E640DE000F00CFA0146A8F894
:1066C000101098F8021041F0400188F802100221E1
:1066D000D0E76C64401A696C08446862696B401AC0
:1066E00000D54042B84207DDE879401CC0B2E871ED
:1066F000052801D8696200E0EC71686A6863EC7093
:1067000000214046BDE8F04700F068BB44464046E3
:1067100000F0E2F9A882E878022140F04000E87039
:106720002046EFE7BDE8F087780000200E02002049
:10673000185D00200D0200200C0200200F02002036
:106740004802002049020020000401402DE9F041E8
:10675000884605468AB001210220FFF72FF8012163
:106760000420FFF707F84FF47070022603908DF8AD
:10677000106003208DF811000024414F8DF8124065
:106780008DF8136003A93846FCF71AF90322062195
:106790003846FCF751F9032207213846FCF74CF93B
:1067A000032208213846FCF747F90322092138461D
:1067B000FCF742F9334FADF814800695ADF81C4054
:1067C000ADF8164005A9384600F046FB01250F201C
:1067D000ADF80040ADF80450ADF80800ADF8024047
:1067E000ADF806406946384600F084F90420ADF85B
:1067F0000000ADF80450ADF80240ADF80640ADF829
:1068000008406946384600F075F90820ADF80000E8
:10681000ADF80450ADF80240ADF80640ADF80840C0
:106820006946384600F066F90C20ADF80000ADF876
:106830000450ADF80240ADF80640ADF80840694696
:10684000384600F057F92E208DF820008DF8216091
:106850008DF822608DF8235008A8FEF7DFF801229A
:106860001E21384600F0A4F90121384600F00AF94B
:106870000121384600F0FCF80AB0BDE8F0810000C4
:1068800000080240000401402DE9F0418846064618
:106890008AB001210220FEF791FF01210420FEF7BA
:1068A00069FF02208DF818004FF4707005900320E6
:1068B0008DF819000024324F8DF81A4001258DF80B
:1068C0001B5005A93846FCF77BF803220621384601
:1068D000FCF7B2F8032207213846FCF7ADF8032293
:1068E00008213846FCF7A8F8032209213846FCF7AE
:1068F000A3F80896234EADF81C80ADF82440ADF8FF
:106900001E4007A9304600F0A7FA6020ADF800004D
:10691000ADF802500294ADF80C40ADF81040694655
:10692000304600F04DF96946304600F085F9694679
:10693000304600F0D5F96946304600F01FFA0821CC
:10694000304600F073F90821304600F0BFF9082105
:10695000304600F00DFA0821304600F049FA0022D6
:106960001E21304600F024F90121304600F08AF85B
:106970000121304600F07CF80AB0BDE8F08100004B
:1069800000080240000401400248018821F0010192
:1069900001807047100401402DE9F043894680468C
:1069A00001218BB00804FEF709FF01211020FEF73A
:1069B000E1FE254F032205213846FCF73DF803226E
:1069C00006213846FCF738F802208DF8180003201D
:1069D0008DF81900002460268DF81A4001250596CF
:1069E0008DF81B5005A93846FBF7EAFF174FADF8A5
:1069F0001C90CDF82080ADF82440ADF81E4007A9CA
:106A0000384600F029FAADF80060ADF80250ADF854
:106A10000C406946384600F0D3F86946384600F025
:106A20000BF90821384600F001F90821384600F03A
:106A30004DF90121384600F00BF80121384600F0ED
:106A400017F80BB0BDE8F083001002400040014091
:106A50000029018802D041F0800101E021F080018D
:106A600001807047C94301827047C9430182704762
:106A70000029018802D041F0010101E021F001016B
:106A800001807047002930F8441F02D041F40041D2
:106A900001E0C1F30E010180704770B50589048BD8
:106AA000068C25F007050D434FF6FC410C4040F2E3
:106AB00001110C434FF6FF7101EA031126F0220683
:106AC0001143314305810483018470BD406B7047DD
:106AD000806B7047C06B7047006C704702460020A7
:106AE000138A92890B4202EA010202D0002A00D0E6
:106AF000012070472DE9F0410C460E884988A28894
:106B00002389054616B3042E28D0082E2E8C4FF666
:106B1000FF702BD026F480562E84AF8B2E8C00EA8B
:106B2000022200EA013127F473473A4300EA0330B6
:106B3000104326F420420A4342F48051A88329845A
:106B4000E1882846BDE8F04100F07AB9FFF7C0FAC5
:106B5000E1882846BDE8F04100F056B9FFF7CFFACA
:106B6000E1882846BDE8F04100F056B926F4807669
:106B70002E84AF8B2E8C00EA012100EA0310104313
:106B800027F0F307384326F420620A4342F4807169
:106B9000A8832984E1882846BDE8F04100F048B97F
:106BA00000210180418001228280C18001817047E3
:106BB000002A828901D00A4300E08A43828170471B
:106BC00030B5028C22F001020284028C8388048B8F
:106BD00022F0020224F073050C882C438D891543A2
:106BE0004A882A430C4DA84202D00C4DA8420DD130
:106BF00022F00805CA8923F440732A4322F00405D1
:106C00008A882A430D8A1D434B8A2B438380048341
:106C100089684163028430BD0000014000040140E6
:106C2000028C22F002020A4302847047028B22F097
:106C300008020A430283704770B5028C22F01002EA
:106C40000284028C8388048B0D8824F4E6464FF678
:106C5000FF7404EA052535438E8922F0200204EAF8
:106C6000061616434A8804EA02123243104EB04216
:106C700002D0104EB04215D122F08006CA8923F40A
:106C8000406304EA0212324322F040068A8804EA92
:106C9000021232430E8A04EA86061E434B8A04EA35
:106CA000830333438380058389688163028470BDD5
:106CB0000000014000040140028C4FF6FF7322F0F7
:106CC000200203EA0111114301847047028B4FF641
:106CD000FF7322F4006203EA01211143018370472C
:106CE00070B5028C22F480720284028C8388848BBB
:106CF0000D8824F0730425438E894FF6FF7422F427
:106D0000007204EA062616434A8804EA0222324345
:106D1000104EB04202D0104EB04215D122F400669F
:106D2000CA8923F4405304EA0222324322F48066E3
:106D30008A8804EA022232430E8A04EA06161E43B7
:106D40004B8A04EA03133343838085838968C163D4
:106D5000028470BD0000014000040140028C4FF627
:106D6000FF7322F4007203EA01211143018470478A
:106D7000828B22F008020A438283704770B5028C2E
:106D800022F480520284058C8288838B0C8823F441
:106D9000E6464FF6FF7303EA0424344325F4005615
:106DA0008D8903EA053535434E8803EA06362E43BE
:106DB000084DA84202D0084DA84205D122F48045D2
:106DC0000A8A03EA82122A438280848389680164E2
:106DD000068470BD0000014000040140028C4FF6A3
:106DE000FF7322F4005203EA01311143018470471A
:106DF000828B4FF6FF7322F4006203EA01211143F4
:106E00008183704741627047028B22F00C0202833B
:106E1000028B0A4302837047028B22F44062028392
:106E2000028B4FF6FF7303EA01210A430283704786
:106E3000828B22F00C028283828B0A43828370470A
:106E4000828B22F440628283828B4FF6FF7303EAC7
:106E500001210A438283704730B50288164C174DD2
:106E6000A0420DD0A8420BD0B0F1804F08D0144BF7
:106E7000984205D0134B984202D0134B984203D14D
:106E800022F070034A881A43104B984206D0104BE8
:106E9000984203D022F440730A891A4302804A6858
:106EA000C2620A880285A04201D0A84201D1897A33
:106EB00001860121818230BD0000014000040140B3
:106EC0000004004000080040000C0040001000409A
:106ED000001400404FF0FF3141600021018001812A
:106EE00041808172704700000A2809DB0C48D0F805
:106EF0000C0228B10B480078012801D0002070470F
:106F0000094A012000211160084A1160084A5163B2
:106F10009163084A916351631164D1637047000023
:106F200000804142FC0100203444014034480140CB
:106F3000004001400000014070B52F4C40F2255147
:106F4000204600F0F9FB00284ED0204600F082FCDD
:106F5000C1B22A484068B0F57A7F45DB294A284CFF
:106F60000025107C7B29215400D028B1401CC0B2E0
:106F700010740B2802D037E0157435E01574A07A30
:106F80007D2831D100210920FAF7C0FD617A8842BD
:106F90002AD11D4805701D4805701D4805701D4803
:106FA00005701D4805701D4805702179E07802F0D4
:106FB0004FFE1B4D85ED000AA179607902F048FE75
:106FC000184880ED000A217AE07902F041FE164867
:106FD000164EF0EE400A0078022807D0217AE079B8
:106FE00002F036FE86ED000A002070BD95ED000A25
:106FF00002F0BCFBF6E7000000500040185D0020E6
:10700000D4080020C00000200C0200200E02002046
:107010000D0200200F02002049020020540200202F
:10702000280200202C020020FD0100203002002058
:1070300070B5334D40F22551284600F07DFB002805
:1070400056D000240126284600F004FCC1B22D4889
:107050004068B0F57A7F4BDB2C4B2B4D0022D87863
:107060007B29295400D028B1401CC0B2D8700B280D
:1070700002D03DE0DA703BE0DA70A87A7D2837D1A3
:107080000020295C401C4C400928FADB687AA042A9
:1070900000D06EBB1E48017849B9012101701D481E
:1070A00002701D4802701D4802701D4802701D4884
:1070B00002702979E87802F0CBFD1B4C84ED000AC0
:1070C000A979687902F0C4FD184880ED000A297A90
:1070D000E87902F0BDFD1648164EF0EE400A007841
:1070E000022807D0297AE87902F0B2FD86ED000A7D
:1070F000002070BD94ED000A02F038FBF6E70000B6
:1071000000100140185D002064080020C00000202D
:10711000480200200D0200200C0200200E02002078
:107120000F02002054020020280200202C02002020
:10713000FD0100203002002000B50C4B0022985CBD
:1071400008F0C0FB521CD2B2182AF8D308480078C5
:10715000012809D1054B00225233985C08F0B2FB9C
:10716000521CD2B2082AF8D300BD0000A2080020A9
:10717000180200202DE9F04140F225512DED048B3D
:10718000904800F0D9FA00281DD08E48001D0488D0
:10719000E0B2F9F749FE0546E0B2F9F7C9FD284427
:1071A00010F0FF0F0FD1E0B202F0B8FEE0B2FEF730
:1071B00081FC85484068B0F57A7F04DB834800682D
:1071C00010B1012878D0F7E001200026804D412C35
:1071D00010D1A97B41290DD17E490A7852B97E4A46
:1071E00016707E4A167008707D490E707D490E70CB
:1071F0007D490E70E2B27D497D4FDFF8F8C17E4BCC
:10720000AA734B2C08D0492C08D04A2C06D01B78E6
:107210002BB1012B0BD01EE018700CE01E70A4F1F6
:107220004103072B28D9082C14DC0A7013E0432CE7
:1072300009D0472C0BD03E708CF80060412C1BD03D
:10724000452C19D006E03E708CF8000002E0387042
:107250008CF800600E709FED690A694B9FED699A8A
:10726000694F582C0CD0592C0FD07B2C14D07D2C6E
:1072700014D0622C15D019E0A4F140030B70EAE79A
:10728000D7ED000A30EE800A03E0D7ED000A30EEB9
:10729000C00A87ED000A09E0E87210E00221E972F5
:1072A00012E05A4C217841B100212170E97A01297C
:1072B00005D0022908D069E072E00121F5E7287BBA
:1072C0001A54401C287361E0D978502908D05729F6
:1072D00009D05878232850D0287B687398462CE032
:1072E0004B49087049E0A87047E0297B081AF9F774
:1072F00084F941EC110B9FED470B02F0D9FF6C7B39
:10730000B0EE408A08EB0400F0EE608A10F8010C41
:107310003038F9F772F953EC182BF9F78DF841EC86
:10732000180B686AF9F7A6F953EC182BF8F7DDFF8C
:10733000F9F7B3F9641E68626C73687B0428D4D2D1
:1073400098F801003038042817D2DFE800F002076F
:107350000B0F95ED090A87ED000A0EE095ED090A7D
:107360002E4808E095ED090A2D4804E095ED090A3C
:107370002C48BCEEC00A80ED000AEE722E736E73CC
:1073800085ED099A32211E48F8F78FFF97ED000A24
:10739000B5EEC00AF1EE10FA0ED287ED009A0BE0BE
:1073A000A4F141012048072903D8403C80F82C4033
:1073B00002E0092180F82C100020BDEC048BBDE810
:1073C000F081000000440040185D002014020020FD
:1073D000C00000200D0200200C0200200E02002040
:1073E0000F02002048020020490200201002002065
:1073F0004A0200204B0200204C0200200000C8423C
:107400006F0800200000000000020020050100209D
:107410004D02002000000000000024400402002073
:107420000802002068020020005F00202DE9F041E2
:10743000784C40F22551204600F07EF900280FD00C
:10744000204600F007FA7449C0B24968B1F57A7F66
:1074500006DB724900260124096811B101297CD09C
:10746000D4E0704D6E4F7B28E97B785400D029B171
:10747000491CC8B2E8730B2802D0C7E0EE73C5E020
:10748000EE73B87A7D28EBD100210920FAF73EFB94
:107490007A7A9042E4D138467978634A634F49B1A9
:1074A0000646012938D0022936D0032960D0FF29A9
:1074B00075D0ABE05E49167004460E705D490E70E3
:1074C0005D490E705D490E705D490E705D490E702C
:1074D0005D490E700179C07802F0BAFB5B4D85ED15
:1074E000000AA179607902F0B3FB594880ED000AE7
:1074F000217AE07902F0ACFB3878564CF0EE400A85
:10750000022802D0C4ED000A80E095ED000A02F0E6
:107510002DF984ED000A79E01470012904D14E4858
:10752000007808B94D4804703179F07802F090FB8A
:107530004B4C84ED000AB179707902F089FB49481F
:1075400080ED000A317AF07902F082FB3878464DFE
:10755000F0EE400A022804D000E046E0C5ED000A43
:1075600054E094ED000A02F001F985ED000A4DE0C7
:107570003179F07802F06CFB3C4880ED000AB1797B
:10758000707902F065FB3A4880ED000A317AF079B3
:1075900002F05EFB374880ED000A37E0FFE7F37842
:1075A000327971791F4E80791C363778BB4216D1FB
:1075B0007778BA4213D1B778B94210D1F778B84288
:1075C0000DD1EE8A761CB6B2EE82322E1ED3154E47
:1075D000183633707270B170F0702C7016E0EC8257
:1075E00033707270B170F07010E0234A232802F1FA
:1075F0002E0192F86030585404D192F8600046543D
:1076000082F82D4012F8600F401C10700020BDE879
:10761000F081000000480040185D002014020020A6
:10762000D4080020C000002005010020FD0100203A
:107630000C0200200E0200200D0200200F0200208C
:1076400048020020490200205402002028020020A5
:107650002C0200203002002019010020040100202B
:10766000280100202C010020300100200C01002006
:107670001001002014010020005F002000B500224E
:10768000094B05E0981890F82E0008F023F9521CD9
:1076900093F860009042F5DC0D2008F01BF90A20F9
:1076A0005DF804EB08F016B9005F002000B50C4B44
:1076B0000022985C08F00EF9521CD2B2182AF8D3B6
:1076C00008480078012809D1054B00225233985C04
:1076D00008F000F9521CD2B2082AF8D300BD00000D
:1076E000A20800201802002000B50C4B0022985C74
:1076F00008F0FAF8521CD2B2182AF8D308480078D9
:10770000012809D1054B00225233985C08F0ECF8AF
:10771000521CD2B2082AF8D300BD0000A2080020F3
:10772000180200200029818902D041F4005101E0B3
:1077300021F400518181704770B501F01F050126C9
:107740000024C1F3421306FA05F2012B0FD0022BDD
:107750000FD0838A4FEA11210088134206FA01F6FE
:1077600000EA060001D000B10124204670BD8389E3
:10777000F0E7038AEEE710B5C1F3421301F01F04EE
:107780000121A140012B07D0022B07D01430002A81
:10779000026805D00A4304E00C30F8E71030F6E741
:1077A0008A43026010BD00007FB50446008A0D4682
:1077B000C98820F4405001432182A08941F20C6124
:1077C0008843A9882A8911436A8902431143A18108
:1077D000A08A20F44071A8890843A0826846FEF779
:1077E00005F81A48844202D01948844201D103980E
:1077F00000E00298A189090400EBC00101EB001030
:10780000296801D5490000E08900B0FBF1F064224D
:10781000B0FBF2F109010B096FF018056B4300EBA7
:107820008300A3891D044FF0320306D503EBC0008B
:10783000B0FBF2F000F0070005E003EB0010B0FB36
:10784000F2F000F00F00084320817FBD00100140DE
:10785000001401408088C0F30800704730B503462B
:1078600000224FF6FF7403EB8205B5F888592D040A
:1078700004D5521CD2B2102AF5D32246A24207D018
:1078800002F00F0300EB830041F40041C0F88819B7
:10789000D0B230BD10B500F073FE002010BD82786C
:1078A000012A07D10222027401224274002242827C
:1078B0008182C2820022114600F011B87FB50024F7
:1078C00001250DF1040C00958CE816001E46234698
:1078D0002A46314600F048FF04B0002070BD2DE973
:1078E000F0410446012580782E464FF0030804F647
:1078F000E417012802D002281ED105E0A160A28170
:1079000026760220A0700EE0204600F00DFC050057
:1079100004D0032D02D0022D04D004E0A670002074
:10792000207600E0A670C4F8E48900231A463946A0
:10793000D4F8DC0906F0E4FC2846BDE8F0817FB508
:107940001D460C4690F81D39089903B1002101230A
:10795000CDE90034CDE9022100231A46294600F082
:1079600003FF04B0002070BD7FB500230824CDE9DB
:1079700000311546CDE902431A46294600F0F4FECF
:1079800004B0002070BD04F0A5BE70B5054600200F
:1079900005F6381500EB800404EBC00405EB440445
:1079A000E67B0A348E4201D0FF2909D1A67996429E
:1079B00001D0FF2A04D1E4799C4206D0FF2B04D0E9
:1079C000401CC0B20228E5D3FF2070BD102907D2A9
:1079D00000EB8100B0F88819C1F30E01C0F88819D6
:1079E0000020704730B40C4685780299012D0FD1E4
:1079F00044F0800404740624447403244282B4EBEB
:107A0000122F02D140F2094200E000228282C1829C
:107A10000A4630BC1946FFF762BF0A8803781A4449
:107A20000A80017808447047F8B50C46064600F114
:107A30001C05B1F5807F01D90320F8BD2B464FF41A
:107A40000072002130460094FFF7CCFF0028F4D1EB
:107A5000224629463046BDE8F84000F0A0BEF8B501
:107A60000C460546B1F5006F01D90320F8BD05F5B8
:107A70008E731E464FF48072002128460094FFF753
:107A8000B1FF0028F2D1224631462846BDE8F84031
:107A900000F02ABFF8B51E461446B3F5006F17D89C
:107AA000B4B141F4407200F58E731D46002100967A
:107AB000FFF798FF00280CD16978032909D12978AC
:107AC0008A1EB24200D816460021B2B2AD1C06E0B2
:107AD0000320F8BD6B5C891C04F8013B89B291421C
:107AE000F8D300212170F8BD01004FF0000004D050
:107AF000012901D0022901D00220704701207047DE
:107B0000F8B50546D0F880090126C46960790628D1
:107B100051D2DFE800F003502D03354005F11C0081
:107B2000ED8B092D0DD90921ADF8001005E069464E
:107B3000FFF773FF4178212905D0BDF80010A94255
:107B4000F5D302201AE0017884F82610417884F8F1
:107B5000271041882185017984F82A10417984F819
:107B60002B10817984F82C10B0F80700E085E8E745
:107B7000E18D284600F0C8F890B9042060711AE041
:107B800000221146284600F0B2FA052108B1032868
:107B900011D161710FE00021284600F0B5FA10B153
:107BA000032807D007E001206071D5F8D829022109
:107BB0002846904700263046F8BD000010B500F07A
:107BC000B5F90F480068017C012918D10D490A78E0
:107BD000002A14D10C4A5268B2F57A7F0FDB407844
:107BE00096280CD90120087008490020087008491F
:107BF000087008490870084908700849087010BDE5
:107C0000500100200C020020185D00200E02002010
:107C10000D0200200F02002048020020490200202F
:107C200000238380C380837202810160704770B536
:107C3000837A0025BBB901238372002311E0C48835
:107C40008688B44212D00668345D01F8014BC488BE
:107C5000641CA4B2C4800689B44200D1C5805B1CF8
:107C60009BB29342EBD38572104670BD8572184665
:107C700070BDF0B5837A0027F3B901238372002326
:107C800018E08488C5882646641CAC4217D0B0F83A
:107C900008C0644500D195B1056811F8014BAC5599
:107CA0008488641CA4B284800589AC4200D187809A
:107CB0005B1C9BB29342E4D387721046F0BD87727F
:107CC0001846F0BD10B50446D0F88009C069018B94
:107CD000802901D980210183094941614FF4A062C3
:107CE00004F58E710830FFF79BFF01F009F9054894
:107CF0000078062802D12046FEF752F9002010BD78
:107D0000906D00204C01002008B5B1F5006F01D93D
:107D1000032008BD009100F58E734FF40852012135
:107D2000FFF760FE08BD30B41446A125029A057421
:107D30000125457444EA0121418200218182C282E9
:107D400030BC1946FFF7CBBD70B50546D0F88009A9
:107D50000026C469617839B12846FFF79BFD617838
:107D60002846FFF733FE6670217839B12846FFF7C1
:107D700091FD21782846FFF729FE2670D5F8800965
:107D8000C06920B104F0FCFCD5F88009C66101F09F
:107D9000C3F8002070BD00002DE9FE4FFF2305460B
:107DA00000261A461946FFF7F0FD0746FF285AD06D
:107DB000022F58D20146284600F085FFF0BB342040
:107DC00004F046FFD5F880190446C86120004AD067
:107DD0003421F8F76AFA0720A070B5F83009DFF807
:107DE0002C814B49DFF82CA1DFF82CB14FF00309AF
:107DF00001283BD0062843D0A0F500718E3943D12D
:107E0000B5F82E09A0F580615E393DD143A1454802
:107E1000F8F75DFA98B3042188F800104249CAF8CF
:107E200000100020C4F830B0A070607107EB87002C
:107E300000EBC70005EB4000804600E013E090F83F
:107E40004E19A176B0F85019218390F85209A083F9
:107E50000A2801D20A20A08398F84609022800D9EE
:107E6000022082464EE00220BDE8FE8FB5F82E09C2
:107E7000B0F5016F08D1022288F80020CFE70AE0B0
:107E8000B5F82E09792803D0002088F80000EAE729
:107E900088F80090C3E70521BEE708EBC60797F80E
:107EA0004E19080614D521712846FFF7D7FC6070DB
:107EB000B7F8501995F81D390291CDE900390146FE
:107EC00095F81C392279284600F05FFC617813E0B0
:107ED000E1702846FFF7C2FC2070B7F8501995F8FA
:107EE0001D390291CDE90039014695F81C39E27837
:107EF000284600F04AFC21780022284600F013FCB6
:107F0000761CF6B25645C8D30020ADE74C010020E0
:107F10002C03002050010020C57C0008466C7964C9
:107F2000696769002C6D00201403002070B50546B8
:107F3000D0F88009184EC469307858B3228B4AB300
:107F4000A06838B3154904F10800FFF770FE218BD3
:107F500088421FD1124A012010703078052806D0BF
:107F6000042804D0022808D003280CD010E0CAB29C
:107F70000A49284601F076FF0AE0CAB207492846B6
:107F800001F08CFC04E0CAB20449284601F064FD0B
:107F9000002070BD022070BD4C010020906D0020BB
:107FA0004D0100202DE9F84F0546D0F88009002644
:107FB0000227C4694FF004094FF00108A1784FF07F
:107FC000070A05F6E41B072970D2DFE801F0041563
:107FD0006F6F38314700216B2846884706001BD158
:107FE00084F80280C5F8E47900231A465946D5F88A
:107FF000DC0906F085F959E0207E0090002201217D
:1080000028466369FFF78FFE06004FF0050007D092
:10801000012E07D0032E08D084F802A00226E1E743
:10802000A070DFE784F8028000E0A0700026D9E7A6
:10803000D5F8C809C007D5D084F80290D2E7637894
:10804000227E2846616900F079FA0620A070D5F8F2
:10805000C8092062002084F8240027E061782846BF
:1080600000F0E9FA01286178284604D000F0E3FA2C
:10807000052814D01AE000F0C9FA94F82410A9B920
:10808000A0B1A06890B1228B04F108006169FFF7EC
:10809000F0FD84F824802846FFF790FDA2E7A17E3A
:1080A0002846FFF7FCFB08B984F802903046BDE88B
:1080B000F88F10B5D0F88019C9698A78062A14D1CA
:1080C000D0F8C8290B6AD21A8B8B9A420DD304229E
:1080D0008A700221C0F8E419D0F8DC49002300F6C8
:1080E000E4111A46204606F00BF9002010BD2123AA
:1080F00003740A23437442EA0121418200218182F0
:10810000C1820A46FFF7EBBB212202740B224274A4
:10811000002209B1428201E0012141828282C282B1
:1081200000221146FFF7DBBB2DE9F84F027E044623
:1081300001250B2700F6E410032629464FF0090815
:108140004FF007094FF0050A4FF00D0B00900C2A75
:1081500019D2DFE802F0BC060E2F3B4551646F7E5A
:108160008AA2627904F110012046FFF7FDFB02208C
:108170002AE06179204600F05EFA012804D0042844
:1081800016D0022814D0A2E0207CE18A00F0800002
:1081900031B1802801D1267675E084F818A072E00C
:1081A000802802D184F818806DE084F818906AE085
:1081B000277668E0D4F8C809E0812379A2892046AF
:1081C000A168FFF77BFB0420207680E02179204620
:1081D00000F031FA0128E5D005284ED1032552E000
:1081E00000916379A2892046A168FFF7A8FBD4F823
:1081F000C809E0810620E7E76179204600F01BFA14
:108200000128D2D0052804D00228C6D0042803D0E3
:108210005DE00C202076E1E72776022533E000229E
:10822000237911462046FFF749FBD4F8C809E081BD
:108230000820C9E72179204600F0FDF9012804D083
:108240000428B5D00528C9D041E084F818B000252D
:1082500019E000910022637911462046FFF76FFB79
:10826000D4F8C809E0810A20AEE76179204600F021
:10827000E2F9012804D0022894D0042898D026E0FE
:10828000002584F818B0C4F8E46900231A46D4F82D
:10829000DC09009906F034F819E0607E401CC0B299
:1082A0006076022802D82176A17010E0D4F8D8298F
:1082B0000621204690470025657661792046FFF724
:1082C00085FB21792046FFF781FB25700225284692
:1082D000BDE8F88F2DE9FE4F0126417800250527DE
:1082E0000446B1464FF00D0800F6E41B00F58E7A07
:1082F00008294ED2DFE801F0043C4E7B8399ACC6DE
:1083000040212046FFF7ABFBA0B103281FD06949ED
:108310000868401C0860B0F5FA7F3AD3BFF34F8F6E
:1083200065490868654A00F4E06010430860BFF3DF
:108330004F8FFEE794F82D09A07184F8019094F80E
:108340001D190091CDE9015094F81C3938E094F8DA
:108350001E09401CC0B284F81E09032817D8617991
:108360002046FFF733FB21792046FFF72FFB5AE029
:1083700012212046FFF773FBA8BB02203DE094F8D2
:108380001E09401CC0B284F81E09032842D984F893
:1083900000808CE00121204600F0A0FC10B10328F1
:1083A00022D084E00220FFF7EEFA84F81C99032023
:1083B0006070A07994F81D19CDE900154B46029024
:1083C00021798022204600F0E0F9A07994F81D1967
:1083D0000091CDE9015094F81C39617900222046C2
:1083E00000F0D3F963E010E084F800803DE009215B
:1083F0002046FFF719FB40B90420607057E0B4F83D
:108400003A192046FFF710FB10B10328B7D04EE011
:1084100067704CE061792046FFF7D8FA2179204651
:10842000FFF7D4FA6570257041E094F834190625F9
:10843000E9B1FF2352462046FFF72CFB90B9504686
:10844000F7F73EFF024651461D48F7F715FF0EE0CD
:1084500094F83519072551B1FF2352462046FFF7FE
:1084600019FB10B1032802D021E065701FE0657090
:10847000C4F8E47900231A465946D4F8DC0905F01B
:108480003FFF14E094F8361981B1FF23524620468D
:10849000FFF700FB10B1032808D008E05046F7F7BB
:1084A0000FFF024651460748F7F7E6FE0026304622
:1084B000BDE8FE8FC00200200CED00E00400FA05CC
:1084C0002C6D0020106E00207CB50E4604002BD0D1
:1084D00084F8D0290025C4F88059C4F8845904F5DB
:1084E0001264F9F715FDE57025706570A570A4F5A7
:1084F00012640EB1C4F8D86900220421102007F0DC
:10850000B1FEC4F8DC0904F51E611820CDE90001B4
:108510004FF48062234605A1074808F0C7F92046BA
:1085200000F09CF800207CBD02207CBD55534248E1
:108530005F517565756500007F8C00087FB501256A
:108540000DF1040C002400958CE816001E46032350
:108550002A46314600F008F904B0002070BD7FB50E
:1085600001250DF1040C002400958CE816001E4630
:1085700003232246314600F0F7F804B0002070BD16
:1085800010B5D0F8D409FAF720FDBDE81040FFF788
:10859000ABBA10B5012280F82029002180F82119FA
:1085A00080F82219C0F8E4290B460A46D0F8DC49C5
:1085B00000F6E411204605F0A3FE002010BD70B5C2
:1085C0000125044680F82159002084F8200984F808
:1085D0002309204600F0BFF821792046FFF7F6F97D
:1085E00061792046FFF7F2F9C4F8E45900231A46EE
:1085F00004F6E411D4F8DC0905F082FE002070BD19
:1086000010B5C82004F066F8002010BDD0F8D409D9
:10861000FAF7D5BC10B50124D0F8D409FAF7B9FCA3
:1086200020B1012805D0022803D101E0002400E098
:108630000224204610BDD0F8D409FAF7B9BCD0F80E
:10864000C819491CC0F8C81901780B2905D1D0F800
:108650008019002901D089690847704710B5044680
:1086600090F8D00901281CD10F484FF0A0410222F8
:10867000C0F8DC43C4F8D40901600821417101212C
:10868000C1710021817142728172FAF7EFFD08B168
:10869000FAF7E6F80448FAF779FC0146204600F0BC
:1086A0003FF8002010BD0000645F002010B50121DC
:1086B000C0F8E419D0F8DC49002300F6E4111A46AA
:1086C000204605F01DFE002010BDFEB508AF97E85E
:1086D00070008DE87000D0F8D409FAF788FCBDE886
:1086E000FE40FFF701BA002180F8231970470121ED
:1086F00030B480F82319C0F8E419D0F8DC4900F64A
:10870000E4112046002330BC1A4605F0F9BD10B52F
:10871000D0F8D409FAF720FEBDE81040FFF7E4B91D
:10872000C0F8C8197047D0F8D409C1EB011100EBAB
:108730008100C17D11B180F83C2001E080F83D202E
:108740000020704710B5D0F8D409FAF70CFEBDE848
:108750001040FFF7C9B910B5D0F8D409FAF719FEDF
:10876000BDE81040FFF7C0B92DE9FF410DF1280821
:1087700098E8F0008DE8F000D0F8D409FAF789FC09
:1087800004B0BDE8F041FFF7AFB9FEB508AF97E818
:1087900070008DE87000FFF798FF0020FEBD2DE906
:1087A000F74F82B04FF0000B029ED84606F63816FF
:1087B000F9B1087830704878707048880C46FF2806
:1087C00001D94FF4807070800879307148797071E8
:1087D0008879B071C879F071207A307231780920C7
:1087E000092900D03070092A7CD98246ADF80000F2
:1087F00061E0022005B0BDE8F08F69462046FFF732
:108800000CF904464078042852D12078092801D078
:1088100084F800A008EB880101EBC80006EB4009D2
:10882000207889F80A00607889F80B00A07889F828
:108830000C00E07889F80D00207909F10A0502287A
:1088400000D30220287161796971A179A971E17958
:10885000E971217A297200271BE069462046FFF75B
:10886000DCF804464078052813D16879012804D142
:10887000A87902282DD003282BD00720207009EBDF
:10888000C70122461431029800F06CF87F1C834621
:10889000FFB22879B84204D97088BDF80010884228
:1088A000DBD82879B84211D808F1010000F0FF08A0
:1088B000B8F1020F04D27088BDF8001088429CD82D
:1088C0003079022800D3022040450BD9032091E7DC
:1088D00008E0E8790028D2D120780928CFD084F8A0
:1088E00000A0CCE7584685E770B5054600F626108F
:1088F000002441B30B7803704B7843704B8843805E
:108900000B7903714B7943718B798371CB79C37187
:1089100095F81D590826C5B1012D16D0022D1DD080
:108920000324082A0DD90A8902814A8942818A8949
:1089300082818A7B8273CA7BC2730A7C0274497CFF
:108940004174204670BD022070BD082BE9D0102B69
:10895000E7D0202BE5D0402B02D1E2E7082BE0D076
:10896000C671DEE770B513780B7053784B7093784F
:108970008B70D478CC7093888B80054692790020D8
:108980008A714FF480660BB1B34200D9032095F889
:108990001D1921B101291BD002292ED00EE004F0AF
:1089A0000301022907D0A5070AD001290BD0E14312
:1089B000890708D002E0B3F5007F00D9032070BD1D
:1089C000402BFBD870BD002AF8D0102AF6D870BD15
:1089D00004F003010229F3D0A507F1D0012907D043
:1089E000E1438907EAD1002AE8D0B342E6D270BD5C
:1089F000002AE3D0102AE3D9E0E7A10707D0E1433A
:108A00008907DBD1002AD9D0082BD7D870BD082B15
:108A1000D4D170BD2DE9FE4F022304468DF80030FD
:108A200094F821190020012901D103212170227815
:108A300001260D27002504F6E4194FF005084FF034
:108A4000080A0C2A7ED2DFE802F0061636F7F36B2E
:108A5000D8888F98ADED94F82009002872D0267040
:108A6000C820FEF790FF2046FFF751FE84F81C59FE
:108A7000C4F8CC59FAE094F8230901280ED0D4F8B0
:108A8000CC09B0F57A7F0FD994F81F09401CC0B209
:108A900084F81F09032805D92770E7E084F81F59D7
:108AA0002370E3E02570E1E00A30C4F8CC090A2025
:108AB000FEF769FFDAE0D4F8D82912B10421204684
:108AC00090476420FEF75FFF2046FFF7A3FD84F880
:108AD0001D0984F8008000212046FEF7BFFE60716A
:108AE00080212046FEF7BAFE2071A17994F81D2955
:108AF0000092CDE90151014694F81C3980222046AC
:108B0000FFF743FEA07994F81D190091CDE90150BB
:108B100094F81C39617900222046FFF736FEA5E063
:108B20002046FFF7D7FB8DF800009DF800000028D5
:108B30007ED184F8245994F83709012803D00720FE
:108B400020706AE043E05046FAE700231A4649469F
:108B5000D4F8DC0905F0D4FB6AE0D4F8D829B2B324
:108B6000012120469047EEE794F83D19204600F099
:108B7000C3F868BB0920207078E094F83F094FF0F3
:108B80000A0580068ED50121204600F0C3F88DF835
:108B900000009DF80000002884D09DF80000032804
:108BA00080D063E0D4F8841921B3C4F8805994F8D4
:108BB000471904EB8002D2F8782912798A4208D149
:108BC00004EB8000D0F87809C4F8800906E02FE0B3
:108BD0004CE0401CC0B20228EBD3284658B1816853
:108BE0002046884738B906202070D4F8D8290321B8
:108BF0002046904711E027700FE0D4F88009002844
:108C0000F9D00169204688478DF800009DF80000E2
:108C100030B19DF800000228EDD0C4F8E48994E753
:108C20000B208DE7D4F8800910B1416920468847B0
:108C30000020BDE8FE8FFFE784F821592046F9F7B0
:108C400067F9D4F8800920B1C16820468847C4F884
:108C50008059D4F8D82912B105212046904794F8BC
:108C60002209012805D02046FFF76CFDC4F8E4690D
:108C70006BE784F82259204600F05AF8F6E70446DC
:108C80004FF0FF3600F6E415334600222946D4F8AB
:108C9000DC0905F001FB0028F6D12046FFF7BAFEFB
:108CA000F2E710B50246002059B1D2F88439022B00
:108CB00007D202EB83045B1CC2F88439C4F878192C
:108CC00010BD022010BD0246002092F83C398B42B4
:108CD00002D982F824197047022070478278012A4D
:108CE00006D1002202740523437441828282C2822B
:108CF00000221146FEF7F3BD8278012A06D1002238
:108D000002740923437441828282C2820022114686
:108D1000FEF7E5BD8278012A06D100220274032302
:108D2000437441828282C28200221146FEF7D7BD7F
:108D300010B50446FFF706FD01212046FFF760FC51
:108D4000002010BD01290AD00548022906D00429B7
:108D500003D0052903D1032100E0012101707047F0
:108D6000C402002070B50D460446C2F307200499E2
:108D70001E4601281BD0E06840F04000E06020461D
:108D800000F032F8C6F307210029A16B26D021F4A8
:108D90008031A163C5F30741012907D1A16841F0E2
:108DA0000601A160A16841F02001A16070BDA06B27
:108DB00020F48030A063E0680A4A1040E060E06878
:108DC00020F44010E060C8B2012803D1E06840F40C
:108DD0008010E060204600F007F8DBE741F48031C6
:108DE000D7E70000BFFFBDFF08B500234FF070625A
:108DF00000930099491C009191420CD80169002907
:108E0000F7DA0093016941F0010101610099491C01
:108E10000091914201D9032008BD0169C907F5D12C
:108E2000002008BD816821F00101816000207047A9
:108E300000EB4110064AC0F81025D0F8001521F0CB
:108E4000804141F00041C0F800150020704700004B
:108E50000000088008B5D0F8402422F02E020092CD
:108E6000D20405D4012909D1009941F4805103E0CD
:108E700021B9009921F48051C0F84014002008BDA8
:108E8000816841F0010181600020704708B500232E
:108E90004FF0706200930099491C009191420AD8EA
:108EA00001690029F7DA1021009301610099491C3A
:108EB0000091914201D9032008BD0169C906F5D48A
:108EC000002008BD18B500244FF070630094009A8C
:108ED000521C00929A420CD80269002AF7DA20222A
:108EE00042EA8111009401610099491C0091994264
:108EF00001D9032018BD01698906F5D4002018BDE9
:108F000010B5FCF707F8034802214170411E0978AB
:108F1000817010BD4D010020094A00217F2311708E
:108F20005068037083704370C3700171417102F126
:108F300008005060C01F4170127882700170704745
:108F40004C010020D0F8080480B2704708B5D0F872
:108F500040040090C0F3414008BD406900F00100AA
:108F6000704738B5002200EB41110092D1F800257E
:108F7000D1F80035C2F38142D1F80445DB0F856892
:108F8000E40FAD0605D524B93BB3012A25D0032A49
:108F900023D04FF47A736AB1022A0BD0D1F800259E
:108FA00042F08042C1F80025D0F8100410F47F0F81
:108FB0002BD00CE0D1F8002542F08042C1F800250A
:108FC0008268920603D4C06A10F47F0F07D0D1F8EC
:108FD000000540F00040C1F80005002038BDD1F880
:108FE000000520F00040C1F80005D1F8000540F070
:108FF0000040C1F800050098401C00909842ECD851
:10900000D1F800050028F6DBE7E7D1F8000520F0ED
:109010000040C1F80005D1F8000540F00040C1F85B
:1090200000050098401C00909842D6D8D1F8000561
:109030000028F6DBD1E700002DE9F0431E46DDE90C
:109040000785002700EB41147B1EDDF82490C4F84F
:10905000083515B3012D3BD0022D1ED0032D30D085
:1090600001270023C4F80435D4F80C3543F002037B
:10907000C4F80C35D0F8183401F00F0C012101FAB6
:109080000CF10B43C0F81834816941F00071816123
:1090900011062AD54FF4004128E040F29D43C4F860
:1090A0000C35130604D5D4F80C3543F4807319E05D
:1090B000DFF898C06045D4D1D4F80C3543F0600394
:1090C00010E040F29D63C4F80C351306EBD4C8E7FA
:1090D00040F22523C4F80C351306C2D5D4F80C355C
:1090E00043F4C073C4F80C35BBE70021FFF72EFF33
:1090F000B8F1020F04D1022802D04FF4003000E092
:1091000000204FF0FE5303EA86534FF4F04606EA80
:10911000C22213434FF4402202EA85421343C9F3AB
:109120000A0213430B43034343F48010C4F80005C1
:10913000032D01D0012D05D1D4F8000540F00050D9
:10914000C4F800053846BDE8F08300000000044084
:10915000D0F8140480B27047F8B5954C4B784FF4B2
:109160008075A04216D1012A02D00C797CB111E0A1
:109170008C7C0CB1022C0DD18C795CB900EB4314C2
:10918000D4F80C6526F07006C4F80C6502E04C7942
:10919000012C10D08C79012C11D00C6A9CB38E8AD2
:1091A000A7197F1EB7FBF6F7BFB2AF4235D92F46DE
:1091B0003502CD6131E01946FFF73AFEF6E0CC7892
:1091C00001270CB18C8A2CE08C7C012C02D0012A66
:1091D0001CD01FE00C6ABC2C0DD98C8ACC610C62AF
:1091E000CC68012C05D0022C03D00124CC60CC69C2
:1091F00018E00224FAE7CC61CC68012C04D0022CE0
:1092000002D00424F2E707E00324EFE78C8A0D6A1A
:10921000A54206D80C6A04E00127CD780DB18C8AEE
:109220007C43CC616FF06045C4F3120405EAC74586
:109230002C438D7D4FF0C04606EA45752C4300EB6C
:1092400043130546C3F8104512B18C69C3F81445A1
:10925000D5F80844D3F8005544F3000425F0005530
:10926000C3F80055D3F80055641C45EA4474C3F8AC
:1092700000458C790025012C0DD0C3F80455D3F896
:10928000004524F080440094CC78002C009C58D0F9
:1092900044F4004457E04E7C0C7C4FF0004747EA12
:1092A000C6163443C3F80445D3F80C4544F06004B3
:1092B000C3F80C45CC79012C0DD1CC785CB9D3F82E
:1092C000044544F48034C3F80445D3F80C4544F015
:1092D0004004C3F80C458C7C012C01D0032CCED16A
:1092E000CC79012C08D1CC78012C05D1D3F80445D8
:1092F00044F48034C3F804458C7C012CBFD1CC7875
:10930000002CBCD1CC68012C0CD0022C0FD0032C2B
:1093100012D0042CB3D1D3F8044544F44044C3F82C
:109320000445ACE7D3F8044544F40044F7E7D3F828
:10933000044544F00E04F2E7D3F8044544F48044B5
:10934000EDE724F4004444F000440094C3F80045E1
:1093500062BBCA7852BB0B6A43B3CA7932BB8A7C00
:1093600032B1012A0FD0022A02D0032A17D10AE013
:10937000DB1CC3F38F02C36A9BB293420FD2826994
:1093800042F020020AE0DB1CC3F38F02D0F8103455
:109390009BB2934203D2826942F08062826100955F
:1093A0000A8C93B24A78896900F03FF90020F8BD31
:1093B00000000440F0B500250E4604462F46C0F8D4
:1093C000005E806B40F40010A063A06B20F40020CE
:1093D000A063A06B20F48020A063E068400602D464
:1093E000300E012804D0D4F8000420F0040103E07A
:1093F000D4F8000440F004012046C4F80014102101
:10940000FFF760FD00B101252046FFF73FFD00B1E9
:1094100001250020431EC6F3072206E004EB40119D
:10942000C1F80835C1F80C75401C8242F6D8A76116
:1094300063610E48844205D1401560620C48A06209
:109440000C4804E0802060620B48A0620B48C4F81E
:109450000001C6F3074018B9A06940F01000A061F0
:10946000A06907490843A0612846F0BD00000440F8
:10947000000200010003E00080006000E000400006
:10948000080020A3D0F8002422F00302C0F8002432
:10949000D0F8002401F003031A43C0F80024012986
:1094A00003D0022904D0012070474BF6803101E03F
:1094B00041F27071C0F804140020704700EB4110B5
:1094C000D0F80815D0F80C0508407047416980694C
:1094D0000840704730B503460846940802F003017F
:1094E000002203F5805303E01D6840F8045B521C22
:1094F000A242F9D300290BD01C680022D50024FA1F
:1095000005F3491E521C090400F8013B090CF5D172
:1095100030BD38B50446D0F8400420F02E0000904D
:1095200040F48070C4F84004642004F5886403F0BB
:10953000D1F8009820F4807020600A2003F0CAF867
:10954000002038BD70B50546C068002420F0C0403A
:10955000E860012901D079B120E0E86840F00050CE
:10956000E8600A2003F0B6F868690A3410F0010FC9
:1095700010D1C82CF5D30DE0E86840F08040E860D9
:109580000A2003F0A7F868690A3410F0010F01D02F
:10959000C82CF5D3C82C01D0002070BD012070BDAF
:1095A00038B5002504460095806820F00100A060D1
:1095B00010212046FFF786FC00B101252046FFF769
:1095C00065FC00B10125002104EB4110D0F8002515
:1095D00022F0802242F08042C0F80025491C0F2969
:1095E000F2D900214FF47A7304EB4110D0F8002532
:1095F00022F4004242F04042C0F80025009A521C7A
:1096000000929A4203D8D0F80025002AF6DB491CC4
:109610000F29E9D94FF0FF30C4F814046061A06845
:1096200040F00100A060284638BD10B5029C6CB91E
:10963000DB1C9C0800EB0230002300F5805003E0A7
:1096400051F8042B02605B1CA342F9D3002010BD2B
:10965000FEE700007CB501210846FCF78BF80120ED
:109660008DF8040000228DF8062003218DF80510E6
:10967000074D4FF480548DF8070000946946284642
:10968000F9F79EF921462846F9F7E6F97CBD000076
:10969000000002407CB501211020FCF76BF801208E
:1096A0008DF8040000208DF8060003228DF80520B7
:1096B000074D4FF480748DF80700009469462846E2
:1096C000F9F77EF921462846F9F7C6F97CBD000076
:1096D0000010024070B52149214D2DED028B9FED08
:1096E0001D8B087958B100200871D1ED030A05EBF4
:1096F0008001401CC0B2C1ED000A6428F7D30120EC
:1097000005EB8001401CD1ED000AC0B241ED010A19
:109710006428F5D385ED630A002455F82400F6F794
:10972000A9FF53EC182BF6F7E0FD641C41EC180B75
:10973000E4B2642CF1D351EC180B9FED0A0B53ECFF
:10974000102BF6F7EBFEF6F7A8FFBDEC028B00EE50
:10975000100A70BD0000000000000000A002002000
:109760004C5D0020000000000000594010B52DEDB8
:10977000048BB0EE608AB0EE409ADFED238AB5EE3E
:10978000C08AF1EE10FA3CD0B5EEC09AF1EE10FAB4
:1097900037D089EE080A02F0DFFFB4EEE80AF1EEF6
:1097A00010FA0FD8B5EEC08AF1EE10FAB0EE490A01
:1097B00002DD02F0D1FF03E002F0CEFFB1EE400A7D
:1097C00080EE288A1148B6EE001A90ED000A104883
:1097D000C9EE080A40EE010A90ED001A81EE200A57
:1097E00010EE100AF6F746FF41EC100B00F0F4FB08
:1097F00051EC100BF6F751FF00EE100ABDEC048B94
:1098000010BD9FED040AF9E73333B33E3C0200205C
:10981000400200200000000003490988C140C80739
:1098200000D001207047000028030020174A0328B9
:1098300009D01346DFED160A93ED000A082809D077
:109840000A280ED015E0012913D112490120096818
:1098500008740EE0022901D001290AD130EE600A15
:1098600005E0022901D0012903D130EE200A82ED62
:10987000000A92ED000AB5EEC00AF1EE10FA03D22A
:109880009FED050A82ED000A7047000000020020EB
:109890000000484250010020000000002DE9F04186
:1098A0006B4DC8780C46287008790022C0F1FF0083
:1098B00068704878A8708878E8708879C0F30011DB
:1098C000281F05F077F9A0790122C0F38011281F25
:1098D00005F070F9A0790222C109281F05F06AF984
:1098E000A0790322C0F34011281F05F063F96079C5
:1098F00000F00F000F280BD0C107C0F341001CD0AF
:10990000F0B301283FD0022844D0032829D143E0F6
:109910004F4804220021001F05F04CF94C48052255
:109920000021001F05F046F9494806220021001FCA
:1099300005F040F9072200210FE030B1012806D0E0
:10994000022806D003280CD105E0042204E00522F9
:1099500002E0062200E0072201213D48001F05F039
:1099600029F9A0790822C0F3800639483146001F42
:1099700005F020F9FF274FF00008A6B12F7114E081
:10998000FFE7042200E0062231480121001F05F014
:1099900011F9DCE7062200E004222D480121001F16
:1099A00005F008F9D7E785F80480A0790922C0F30B
:1099B000C00627483146001F05F0FCF80EB16F7154
:1099C00001E085F80580A0790A2200F00101204815
:1099D000001F05F0EFF8A0790B22C0F340011C48EE
:1099E000001F05F0E7F860790C22C0F30011184859
:1099F000001F05F0DFF860790D22C0F34011144814
:109A0000001F05F0D7F860790E22C0F380111048CE
:109A1000001F05F0CFF860790F22C1090C48001F24
:109A200005F0C8F80A4D00240A4E2D1F06EB04115C
:109A300022462888F9F712F8010002D02046FFF7E5
:109A4000F5FE641CE4B20F2CF0D9BDE8F0810000F3
:109A50002C030020746F00202DE9F0416B4D087835
:109A60000C46287048780022C0F1FF006870C87862
:109A7000A8700879E8708879C0F30011281F05F0F4
:109A800099F8A0790122C0F38011281F05F092F8FF
:109A9000A0790222C109281F05F08CF8A0790322C1
:109AA000C0F34011281F05F085F8607900F00F0021
:109AB0000F280BD0C107C0F341001CD0F0B3012820
:109AC0003FD0022844D0032829D143E04F48042244
:109AD0000021001F05F06EF84C4805220021001FF0
:109AE00005F068F8494806220021001F05F062F8D9
:109AF000072200210FE030B1012806D0022806D04D
:109B000003280CD105E0042204E0052202E006222D
:109B100000E0072201213D48001F05F04BF8A07925
:109B20000822C0F3800639483146001F05F042F88C
:109B3000FF274FF00008A6B12F7114E0FFE70422C1
:109B400000E0062231480121001F05F033F8DCE770
:109B5000062200E004222D480121001F05F02AF80A
:109B6000D7E785F80480A0790922C0F3C00627480A
:109B70003146001F05F01EF80EB16F7101E085F847
:109B80000580A0790A2200F001012048001F05F09D
:109B900011F8A0790B22C0F340011C48001F05F00A
:109BA00009F860790C22C0F300111848001F05F075
:109BB00001F860790D22C0F340111448001F04F031
:109BC000F9FF60790E22C0F380111048001F04F0E5
:109BD000F1FF60790F22C1090C48001F04F0EAFF71
:109BE0000A4D00240A4E2D1F06EB04112246288838
:109BF000F8F734FF010002D02046FFF717FE641C7F
:109C0000E4B20F2CF0D9BDE8F08100002C03002055
:109C1000746F002070B506460B480D46017819B9DF
:109C20000121017005F0D2FA084C204605F07EFAB9
:109C300005F052FA002806D12A4631462046BDE8F2
:109C4000704005F02FBB70BD6801002000000608C1
:109C500070B501EB002004B24FF47A7594FBF5F077
:109C600005FB10402DED028BF6F7C7FC9FED0B1B9B
:109C700053EC112BF6F7E0FB41EC180B94FBF5F0DD
:109C8000F6F7BBFC53EC182BF6F72FFBF6F705FDA8
:109C9000BDEC028B00EE100A70BD0000FCA9F1D2F1
:109CA0004D62503F70B52E4C0428226803D1012923
:109CB00001D1012313742B4BDFED2B1A9FED2B1ACF
:109CC0001D782B4B052DD3ED000A30EEE10A70EE26
:109CD000A10A02D0042D0FD01BE008282FD009289C
:109CE0002AD00DE001290BD183ED000A08E00129FB
:109CF00006D1C3ED000A03E008281DD00B281ED0B2
:109D000093ED000AB5EEC00AF1EE10FA01D283ED30
:109D1000001A05280FD103290DD1507CA0B19268FB
:109D20007F2100209047322005F070FF2068417CA1
:109D300041B10021417470BD0229DAD0D7E7022970
:109D4000D2D0CFE70121F5E701205074322005F091
:109D50005DFF20687F218268BDE8704000201047C9
:109D6000500100204C01002000004842000000008B
:109D7000000200202DE9FF41294C80462078002870
:109D800036D028A0271DD0E90010CDE90010387882
:109D90008DF8030078788DF8040022A00822D0E91D
:109DA0000010CDE90210D8F880096946C56940461F
:109DB0002B78FEF7D4FB06F0B3FDA168A61D401A70
:109DC000C82817D9002727708DF803708DF8047004
:109DD0003C462B78082202A94046FEF7C0FB14201F
:109DE00005F014FF641CE4B2032CF2D337707770D3
:109DF000BDE8FF8130783978884203D1707879786E
:109E0000884208D02B78082269464046FEF7A7FB17
:109E1000142005F0FBFE3878307078787070E7E732
:109E2000080300200008000000000000074A10B5E9
:109E3000527C002A09D0054C01220C3C2270221DC4
:109E40001070517006F06CFDA06010BD140300206E
:109E500003494988C140C80700D00120704700006D
:109E6000080300202DE9FC410646D0F88009264D64
:109E70000C46C169687802280CD2401C687023A087
:109E8000D0E90020CDE900200B7808226946304651
:109E9000FEF765FBE07902F011FF1B4F0C373870BD
:109EA000607A02F00BFF7870E07A02F007FFB8707A
:109EB000607B02F003FFF870217939716079787165
:109EC000144A608868801278042A03D1C1B140F432
:109ED00000606880104F002407EB04112246688858
:109EE000F8F7BCFD010002D02046FFF7DBFE641C42
:109EF000E4B20F2CF0D93046BDE8FC41FFF73ABF81
:109F000020F40060E5E700000803002000080000DE
:109F1000000000004C010020746E0020164B10B5AC
:109F2000A3F128020024517D7228585400D001B3B7
:109F3000491CC8B2507505281CD154751878722870
:109F400018D15878652815D19878732812D1D87807
:109F500065280FD1187974280CD1BFF34F8F0748AB
:109F60000168074A01F4E06111430160BFF34F8FBC
:109F7000FEE7547510BD0000E80000200CED00E085
:109F80000400FA050FB4054B10B503A9044A029862
:109F900001F0AAFD10BC5DF814FB000069C70008C1
:109FA0007401002003B401984100009850EAC120D8
:109FB00018BF04204A0D18BF40F0010040F2FF72A4
:109FC000B2EB515F08BF40F00200012808BF052036
:109FD00002B070470000000070B59B482DED020BE9
:109FE0002DED068B079D25F00044A04218DC974814
:109FF000844202DC0AD1069840B19DED060BBDEC0F
:10A00000068B02B0BDE8704001F052BC002DCCBF01
:10A010009FED8F0B9FED900BBDEC068B02B070BDDA
:10A020008F48A04215DD8F48A042D8BF4FF0FF34C3
:10A0300058DD9DED060B51EC100BFFF7B3FF042824
:10A0400008BF01F069FC9DED060BBDEC068B02B06C
:10A0500070BD9DED060B51EC100B02F071FBCDE9CC
:10A06000060181489FED828BA0423CDD8248A042E0
:10A070001FDD00249FED82AB9DED060B53EC1A2BE8
:10A0800051EC100BF6F731F99DED060B41EC190B75
:10A0900053EC1A2B51EC100BF6F7CEF953EC182BAE
:10A0A000F6F7C4F953EC192BF6F738FACDE90601A7
:10A0B00049E09DED060B012453EC182B51EC100BDD
:10A0C000F6F713F99DED060B41EC190B53EC182B29
:10A0D00051EC100BF6F7AAF953EC192BF6F71EFA10
:10A0E000CDE906012FE06848A0421FDD02249FED64
:10A0F000689B9DED060B53EC192B51EC100BF6F7FA
:10A100009BF953EC182BF6F7F0F89DED060B41EC9C
:10A11000180B53EC192B51EC100BF6F787F953EC95
:10A12000182BF6F7FBF9CDE906010CE09DED060BC7
:10A13000032453EC102B9FED580B51EC100BF6F74A
:10A14000EDF9CDE906019DED060B53EC102B51EC1A
:10A15000100BF6F771F941EC180B53EC182BF6F7CE
:10A160006BF941EC190B4E480621B0EE490AF0EEAE
:10A17000690A784401F060F953EC182B51EC100B8C
:10A18000F6F75AF941EC180B4648B0EE490AF0EEE2
:10A19000690A0521784401F04FF953EC192B51EC71
:10A1A000100BF6F749F941EC100B51EC180B53EC7E
:10A1B000102B002C0EDAF6F798F89DED061B53ECE9
:10A1C000112BF6F739F99DED061B53EC112BF6F721
:10A1D00030F935E0F6F789F89DED061B53EC112BAD
:10A1E000F6F72AF941EC100B2F48784400EBC40035
:10A1F00090ED001B51EC100B53EC112BF6F716F9F8
:10A200009DED061B53EC112BF6F710F941EC100BEA
:10A210002648784400EBC40090ED001B51EC100B75
:10A2200053EC112BF6F705F941EC100B002DA2BFF2
:10A23000BDEC068B02B070BD51EC100B81F00041FB
:10A2400041EC100B01E70000000010440000F07F1B
:10A25000182D4454FB21F93F182D4454FB21F9BF1C
:10A260000000DC3F0000203E0000F33F0000000043
:10A27000000000000000F03F0000E63F000000008A
:10A2800000000000000000400080034000000000CB
:10A29000000000000000F83F000000000000F0BFD8
:10A2A000BA88000070880000FA870000B2870000BA
:10A2B0002DE9F04D2DED040B2DED0E8B96B0DDE963
:10A2C0002550279CDDF890A025F0004624F000489A
:10A2D000BAF1000F14BF0121002101EB4502FC4936
:10A2E00053184A1093422AD3002814BF0123002395
:10A2F00003EB44030B44F7498B4220D358EA000197
:10A300009FEDF59B76D0DFF8D8B35D4503D1BAF168
:10A31000000F05D188E0BAF1000F08BF002100D07E
:10A32000012101EB450111F5001F08D8002814BFD9
:10A330000121002101EB440111F5001F0BD99DED16
:10A34000261B9DED240B16B0BDEC0E8B04B0BDE8B2
:10A35000F04D01F0B7BA0027002DBCBFE149884598
:10A3600021DAE1498845A8BF02271CDAC3451ADC77
:10A37000DE4901EB2851142908DDC1F1340220FA2D
:10A3800002F101FA02F282420DD108E058B9C1F19E
:10A39000140228FA02F101FA02F2424503D101F057
:10A3A0000101C1F1020756EA0A0124D1002C22DA88
:10A3B000002D18BF022F01D0012F0AD0022001F07A
:10A3C000CBFA16B0BDEC0E8B04B0BDE8F04D01F039
:10A3D00057BA022001F0C0FA01F052FA51EC100B0A
:10A3E00081F0004141EC100B16B0BDEC0E8B04B0B7
:10A3F000BDE8F08D18E09FEDBEAB9FEDBF8B002850
:10A4000071D1B848804522D105F1804010F5801007
:10A4100008BFBAF1000F07D0B3450ADC002CA8BF73
:10A420009DED260BE0DA0DE0B0EE490AF0EE690A88
:10A43000DAE7002C06DA9DED260B51EC100B81F0CB
:10A4400000416FE0AE48784490ED000BCCE7D84572
:10A450004DD1002C48DA2EB186423AD1BAF1000F24
:10A4600042D126E0BAF1000F13D0022001F074FAB5
:10A4700001F042FA8DED020B9DED240B8DED000BEA
:10A4800010EE900A039961F31E0003909DED020BFC
:10A49000AAE78DED02AB9DED240B1AEE901A10EE9B
:10A4A000900A8DED000B61F31E0003909DED020BF1
:10A4B0009AE78DED028B9DED240B18EE901A10EEAD
:10A4C000900A8DED000B61F31E0003909DED020BD1
:10A4D0008AE709DA9DED240B51EC190B53EC102B94
:10A4E000F6F71CF81EE020E09DED240B7CE7864289
:10A4F0001BDAB4F1804F0DD0A4F10050B0F1FF5041
:10A5000013D1002D11DB9DED240B51EC100B04F049
:10A510000FFD07E09DED240B53EC102B51EC100BBD
:10A5200000F0C2BC41EC100B5EE79DED240B51EC3A
:10A53000100B02F005F9BAF1000FCDE90E0142D17E
:10A540009FED710B46B3A6F1E040B0F17F600CD0F7
:10A550005E4538D1002D00DAA7B3022F0CBF0120D1
:10A560004FF0FF30F6F749F8DCE7002D01DD002C55
:10A570000DDA002D01DD002C1FDB002D16DA002C7A
:10A5800014DB012F08BF9FED620B3FF42DAFB0EE3F
:10A590004A0AF0EE6A0A27E7022F18BF002D0CD0F6
:10A5A000012F0AD1002DFFF61FAF06E0002DB8BF26
:10A5B000002C08DA012F3FF417AFB0EE480AF0EE96
:10A5C000680A11E71BE0012000EBE57050EA070183
:10A5D00015D0791EB0EE498AF0EE698A084308BFAB
:10A5E0009FED4D8B4E480025804570DD4D494E480E
:10A5F000884514DDB0420DDB002C19DB2FE0012073
:10A6000001F0AAF916B0BDEC0E8B04B0BDE8F04D18
:10A6100001F062B9B34502DC002C09DC1FE0864280
:10A6200002DA002C1BDA03E05E452BDD002C16DD80
:10A63000022001F091F901F05FF98DED020B53EC6E
:10A640001A2B51EC180BF5F7F7FECDE90001039931
:10A65000019861F31E0003909DED020BC4E60220F9
:10A6600001F07AF901F058F910EE901A18EE900AFC
:10A670008DED020B8DED008B61F31E0003909DEDBF
:10A68000020BB1E69DED0E0B53EC192B51EC100BA8
:10A69000F5F7CCFE9FED260BCDE9080153EC102B0E
:10A6A0009DED080B51EC100BF5F7C6FE9FED221B3C
:10A6B00053EC112BF5F7BDFE9DED081B53EC112B50
:10A6C000F5F7BAFE9FED1E1B53EC112B3CE08CE01E
:10A6D000FFFF1F00FFFF0F00000000000000F03F21
:10A6E0000000F03F0000F07F0000404301FCFFFF4E
:10A6F000000000000000F07F0000000000000000EB
:10A700009E860000000000000000000000000080A5
:10A71000000000000000F0FF000000000000F0BF9B
:10A720000000E0410000F043FFFFEF3F00000000A9
:10A73000000000000000D03F555555555555D53FF8
:10A74000000000000000E03FF5F773FE9DED080BF0
:10A7500041EC1A0B53EC102B51EC100BF5F76CFE7F
:10A7600053EC1A2BF5F768FE41EC1A0B9FEDFE0B2C
:10A7700053EC102B9DED080B51EC100BF5F75CFE24
:10A7800041EC1B0B9FEDFA0B51EC1A0B53EC102B09
:10A79000F5F752FE41EC1A0B9FEDF70B53EC102B23
:10A7A0009DED080B51EC100BF5F746FE53EC1A2B00
:10A7B000F5F73CFE41EC1A0B51EC1B0B53EC1A2B3A
:10A7C000F5F793FD0690CDE906519DED060B53EC90
:10A7D0001B2B51EC100BF5F729FE53EC1A2BF5F758
:10A7E00028FE41EC100B00F0A1B90020B6F5801F47
:10A7F0000EDA9FEDE30B53EC102B9DED0E0B51EC9D
:10A80000100BF5F719FECDE90E016FF034000E467E
:10A8100000EB2650A0F2FF37C6F31300DA4940F0F0
:10A820007F6646F040568842D8BF002408DDD749ED
:10A830008142C8BF012403DC0024A6F580167F1CDA
:10A84000D348784400EBC4000F9690ED00CB9DED0B
:10A850000E0B53EC1C2B51EC100BF5F7E7FD9DEDA7
:10A860000E0B41EC1B0B53EC1C2B51EC100BF5F7B2
:10A870003CFD41EC100B51EC190B53EC102BF5F790
:10A880004DFE41EC1D0B51EC1B0B53EC1D2BF5F752
:10A89000D3FD41EC1A0BBF488DED10AB78441095F9
:10A8A00090ED000B4FF0005040EA660000EB844052
:10A8B0008DED080B00F5002009909DED080B53EC81
:10A8C0001C2B51EC100BF5F7B1FD9DED0E1B53EC5D
:10A8D000112BF5F7AEFD41EC100B53EC102B9DED59
:10A8E000100B51EC100BF5F7A7FD9DED080B41EC9B
:10A8F0001C0B53EC102B9DED100B51EC100BF5F7CE
:10A900009BFD53EC1B2BF5F794FD53EC1C2BF5F73B
:10A910008DFD53EC1D2BF5F78FFD41EC1C0B53EC1B
:10A920001A2B51EC1A0BF5F787FD41EC1B0B9A48DB
:10A930000621B0EE4B0AF0EE6B0A784400F07CFD85
:10A94000B0EE401AF0EE601AB0EE41DAF0EE61DAE5
:10A9500053EC1B2B51EC1B0BF5F76EFD53EC1D2B31
:10A96000F5F76AFD9DED100B41EC1B0B53EC1A2B18
:10A9700051EC100BF5F7B9FC53EC1C2BF5F75CFD13
:10A9800053EC1B2BF5F7B1FC9DED100B41EC1B0BB1
:10A9900053EC102B51EC100BF5F74EFD41EC1D0B59
:10A9A0009FED7FEB53EC1E2BF5F79FFC53EC1B2B1D
:10A9B000F5F79BFC0890CDE908519DED080B53EC91
:10A9C0001E2B51EC100BF5F731FD53EC1D2BF5F759
:10A9D0002DFD53EC1B2BF5F72CFD9DED080B41ECE9
:10A9E0001D0B53EC102B9DED100B51EC100BF5F7DC
:10A9F00023FD41EC1B0B53EC1A2B51EC1D0BF5F70F
:10AA00001BFD9DED080B41EC1A0B53EC102B51EC88
:10AA10001C0BF5F711FD53EC1A2BF5F766FC41EC16
:10AA20001A0B51EC1B0B53EC1A2BF5F75EFC0C9038
:10AA3000CDE90C519DED0C0B53EC1B2B51EC100B85
:10AA4000F5F7F4FC53EC1A2BF5F7F3FC41EC1B0B78
:10AA50009FED550B53EC102B9DED0C0B51EC100B97
:10AA6000F5F7EAFC41EC1A0B9FED510B51EC1B0B77
:10AA700053EC102BF5F7E0FC41EC1B0B9FED4E0B5C
:10AA800053EC102B9DED0C0B51EC100BF5F7D4FC97
:10AA900053EC1B2BF5F729FC41EC100B484878448C
:10AAA00000EBC40090ED001B51EC100B53EC112B8C
:10AAB000F5F71BFC41EC1B0B3846F5F79EFDCDE985
:10AAC000080153EC1B2B51EC1A0BF5F70EFC41EC73
:10AAD000100B3C48784400EBC40090ED00CB51ECE7
:10AAE000100B53EC1C2BF5F700FC9DED081B53ECF1
:10AAF000112BF5F7FAFB0690CDE906519DED080BF9
:10AB000053EC102B9DED060B51EC100BF5F78EFC62
:10AB100053EC1C2BF5F78AFC53EC1A2BF5F786FC4B
:10AB200053EC1B2BF5F785FC41EC100B9DED261B20
:10AB300053EC102B8DED001B00959DED260B51EC79
:10AB4000100BF5F779FC9DED000B41EC1A0B53EC63
:10AB5000102B9DED260B51EC100BF5F767FC9DEDCE
:10AB6000061B53EC112B2FE0000000604715F73F48
:10AB7000FE822B654715F73F44DF5DF80BAE543E70
:10AB800000000000000040438E9803007AB60B00DE
:10AB90001A8200004882000052810000000000007C
:10ABA0000000000000000840000000E009C7EE3F80
:10ABB000FD033ADC09C7EE3FF5015B14E02F3EBE12
:10ABC000DE7F0000987F0000F5F736FC53EC1A2B6F
:10ABD000F5F78BFB9DED060B41EC1A0B53EC102B9C
:10ABE0009DED000B51EC100BF5F726FCCDE90C01A7
:10ABF0009DED0C0B51EC1A0B53EC102BF5F775FB7C
:10AC0000CDE902010C46AA498C422FDB611A0843A8
:10AC100018D19DED0C0B53EC102B9DED020B51EC5C
:10AC2000100BF5F703FC41EC1B0B9FEDA30B51EC54
:10AC30001A0B53EC102BF5F758FB53EC1B2BF5F7C5
:10AC4000D5FE2DD2022000F087FE00F055FE10EE5A
:10AC5000901A18EE900A8DED020B8DED008B61F3CA
:10AC60001E0003909DED020BFFF7BEBB944A24F03B
:10AC70000041914214D39349214408437FF4EFAC3F
:10AC80009DED0C0B53EC102B9DED020B51EC100BBA
:10AC9000F5F7CCFB53EC1A2BF5F7A8FE7FF6DFACEB
:10ACA00024F000408849894A002601EB2051824265
:10ACB0002BDA481C4FF4801121FA00F02044844A1A
:10ACC000C0F30A517A44A1F2FF3192ED000B814AA0
:10ACD0008DED080BCA4020EA0202C0F3130040F4D5
:10ACE0008010C1F1140120FA01F60992002CB8BFBE
:10ACF00076429DED080B53EC102B9DED0C0B51ECA7
:10AD0000100BF5F793FBCDE90C019DED0C0B51EC0D
:10AD10001A0B53EC102BF5F7E8FA9FED6F0B089028
:10AD2000CDE9085153EC102B9DED080B51EC100BA5
:10AD3000F5F782FB41EC1B0B9FED690B53EC102BDD
:10AD40009DED080B51EC100BF5F776FB9DED0C0B10
:10AD500041EC1C0B53EC102B9DED080B51EC100B30
:10AD6000F5F764FB53EC1A2BF5F763FB9FED5E1BC5
:10AD700053EC112BF5F760FB53EC1C2BF5F7B5FAF0
:10AD800041EC1A0B51EC1B0B53EC1A2BF5F7ADFAF7
:10AD9000CDE902019DED020B53EC1B2B51EC100B86
:10ADA000F5F744FB53EC1A2BF5F743FB9DED020B33
:10ADB00041EC1A0B53EC102B51EC100BF5F73CFB4C
:10ADC000CDE908014A489DED080B0521784400F0C3
:10ADD00033FB9DED081B51EC100B53EC112BF5F7D9
:10ADE0002BFB9DED021B53EC112BF5F722FBCDE95C
:10ADF00006019DED020B53EC1A2B51EC100BF5F7ED
:10AE00001BFB53EC1A2BF5F770FA9FED3B0B41EC53
:10AE10001A0B53EC102B9DED060B51EC100BF5F7B4
:10AE200005FB9DED060B41EC1B0B53EC102B9DED30
:10AE3000020B51EC100BF5F7FFFA53EC1B2BF5F757
:10AE40006DFB53EC1A2BF5F7F1FA9DED021B53EC59
:10AE5000112BF5F7EBFA53EC192BF5F7EAFACDE9DC
:10AE6000020101EB065001150029C8BF039015DC53
:10AE70009DED020B324651EC100BF5F736FDFFF756
:10AE800091F8042808BF00F047FD32469DED020B03
:10AE900051EC100BF5F729FDCDE902019DED020BF8
:10AEA00051EC180B53EC102BF5F7C6FAFFF73ABB31
:10AEB0000000904000000000FE822B654715973C83
:10AEC00000CC904000346F3F01FCFFFF0000E03FEA
:10AED000207E0000FFFF0F0000000000432EE63F31
:10AEE000396CA80C615C20BEEF39FAFE422EE63FB9
:10AEF000F07C0000000000000000000000000040A6
:10AF000000B52DED048BB0EE409AF0EE609A83B060
:10AF100051EC190BF5F700FD41EC180B18EE100A77
:10AF200018EE901A8DED008B002818BF0120084301
:10AF300020F00040C0F17F6000F1E040C00F14D06D
:10AF400019EE101A19EE900A8DED009B002918BF1A
:10AF50000121084320F00040C0F17F6000F1E04093
:10AF6000C00F04BF012000F0F7FCB0EE480A03B0A8
:10AF7000F0EE680ABDEC048B00BD0000000000008C
:10AF800010B51D499FED1A1B2DED020B84B00598DD
:10AF900020F000408842DCBF01209DED040B21DD44
:10AFA0001649884209D1049840B94FF0010000F0D9
:10AFB000D3FC00F091FC06B010BD05DB9DED040B49
:10AFC00000F076FC06B010BD68469DED040B00F065
:10AFD00017F800F001000121A1EB40009DED021BDC
:10AFE0009DED000B00F0A4FA06B010BD00000000BB
:10AFF0000000000000000000FB21E93F0000F07F9E
:10B000002DE9F14F04462DED020B2DED088B8AB092
:10B010009FEDE70B80ED020B139EE74826F00045FD
:10B0200085420ADC9DED120B002084ED000B0AB076
:10B03000BDEC088B03B0BDE8F08FE0489FEDE0ABBE
:10B040009FEDE1BBA84247DDE14F9FEDE39B9FED04
:10B05000E48B9DED120B53EC1A2B51EC100B002ED0
:10B060001CDDF5F7E3F941EC100BBD4208D053ECC1
:10B070001B2B51EC100BF5F7D9F9C4E900010BE0DB
:10B0800053EC192B51EC100BF5F7D0F953EC182BAE
:10B09000F5F7CCF9C4E900010120C8E7F5F725F977
:10B0A00041EC100BBD4208D053EC1B2B51EC100BA4
:10B0B000F5F71BF9C4E900010BE053EC192B51EC37
:10B0C000100BF5F712F953EC182BF5F70EF9C4E94C
:10B0D00000014FF0FF30AAE7C348A84279DB9DED9D
:10B0E000120B51EC100B01F02BFB41EC180B9FEDF8
:10B0F000C00B53EC102BF5F79FF99FEDBF1B53ECE2
:10B10000112BF5F7F2F8F5F796FA0746F5F775FA09
:10B1100041EC190B53EC1A2BF5F78EF953EC182B65
:10B12000F5F787F941EC180B53EC1B2B51EC190B7D
:10B13000F5F782F9DFF8C8A241EC100B4FEA155879
:10B140000125FA4453EC102B51EC180BF5F76EF96E
:10B15000032DC4E900013DD0C1F30A5005EB4511B0
:10B16000A8EB00001139814234DA0AEB051BB0EE7E
:10B1700048AA9BED000BF0EE68AA53EC102B51ECA3
:10B18000190BF5F759F941EC1B0B51EC1A0B53EC69
:10B190001B2BF5F74BF941EC180B51EC1A0B53EC48
:10B1A000182BF5F743F953EC1B2BF5F73FF99BED03
:10B1B000020B41EC1A0B53EC102B51EC190BF5F769
:10B1C0003BF953EC1A2BF5F731F941EC100B6D1CE0
:10B1D000B8E70EE0002EA8BF3846BFF628AF94EDC2
:10B1E000000B51EC100B81F00041C4E900017842E2
:10B1F0001DE7C6F3130040F4801EC6F30A50A0F208
:10B20000F530471100F01F05C5F12000DDF848B00A
:10B2100008900020069007900520EC467949002D03
:10B2200007EB0002794408BF51F8221009D051F809
:10B23000223001EB8201AB404A68089922FA01F101
:10B240001943A1FB0E26A1FB0B131A449A4234BFEB
:10B250000123002303EB06080CEB8003D3E901A6CE
:10B260000E448E4234BF0121002192448A4411B120
:10B27000924502D903E0924501D2012100E000216C
:10B28000C3E901A641444CF82010011EA0F10100C1
:10B29000C4DC029800F10050850F0298DDE90367D5
:10B2A0008000DDF81480F5F7A8F941EC1A0B304660
:10B2B000F5F7B4F99FED541B53EC112BF5F7BCF8DF
:10B2C00041EC1B0B3846F5F7A9F99FED511B53ECE8
:10B2D000112BF5F7B1F841EC180B4046F5F79EF944
:10B2E0009FED4D1B53EC112BF5F7A6F841EC190B14
:10B2F00051EC180B53EC192BF4F7F7FF53EC1B2B05
:10B30000F4F7F3FF53EC1A2BF4F7EFFFCDE9080144
:10B31000002008909DED080B53EC1A2B51EC100BFC
:10B32000F5F784F853EC1B2BF5F780F853EC182B4A
:10B33000F5F77CF853EC192BF5F77BF89FED381BEC
:10B3400053EC112BF5F778F89FED370B41EC180B08
:10B3500053EC102B9DED080B51EC100BF5F76CF82E
:10B3600053EC182BF4F7C1FF9FED310B41EC180B98
:10B3700053EC102B9DED080B51EC100BF5F75CF81E
:10B3800053EC182BF4F7B1FF41EC100B139810F0AD
:10B39000004F06D06D4251EC100B81F0004141ECA2
:10B3A000100B284684ED000B41E600000000000071
:10B3B0000000000000000000FB21E93F7CD90240B2
:10B3C00000004054FB21F93F3163621A61B4D03D63
:10B3D000FB21F93F000000000000601A61B4D03D7D
:10B3E0007370032E8A19A33BFB2139410000000032
:10B3F00083C8C96D305FE43F000000000000E03FFB
:10B40000AA790000F8780000000000000000103E5B
:10B41000000000000000103C000000000000103A96
:10B42000182D4454FB21F93D3326A611460B113C3F
:10B4300000000054FB21F93D70B504462DED028B50
:10B440004D1E00EBC500B0EE408AF0EE608A90ED34
:10B45000000B35F0060017D053EC182B51EC100BF5
:10B46000F4F7EAFF41EC100B6D1E04EBC50090ED04
:10B47000001B51EC100B53EC112BF4F736FF41EC91
:10B48000100B35F00600E7D1022D36D0042D1CD06C
:10B49000062D1CBFBDEC028B70BD53EC182B51EC7C
:10B4A000100BF4F7C9FF94ED0A1B53EC112BF4F7C2
:10B4B0001CFF53EC182BF4F7BFFF94ED081B53EC63
:10B4C000112BF4F712FF41EC100B53EC182B51EC3D
:10B4D000100BF4F7B1FF94ED061B53EC112BF4F7AE
:10B4E00004FF53EC182BF4F7A7FF94ED040B53EC77
:10B4F000102BF4F7FAFE41EC100B53EC182B51EC27
:10B50000100BF4F799FF94ED021B53EC112BF4F799
:10B51000ECFE53EC182BF4F78FFF94ED001B53EC6B
:10B52000112BF4F7E2FEBDEC028B41EC100B70BD69
:10B53000F1B506462DED040BBD482DED0C8B8AB000
:10B54000B0EE418AF0EE618A179D25F000449FED30
:10B55000BABB9FEDBBCB844208DA9DED160B51ECD4
:10B56000100BF5F768F8002800F0E980B64FA74205
:10B5700031DC002D0DDA9DED160B51EC100B81F036
:10B580000041CDE9160151EC180B81F0004141EC6E
:10B59000180B9FEDAF0B53EC102B9DED160B51ECE0
:10B5A000100BF4F746FF53EC182B9FEDAB0BCDE9D6
:10B5B000040151EC100BF4F739FF41EC100B53EC84
:10B5C000102B9DED040B51EC100BF4F78EFE9FED4C
:10B5D000A48BCDE916019DED160B53EC102B51EC0D
:10B5E000100BF4F729FFCDE904019DED040B53EC9A
:10B5F000102B51EC100BF4F71FFF41EC190B9A487C
:10B600000621B0EE490AF0EE690A7844FFF714FF0C
:10B610009648B0EE40DAF0EE60DAB0EE490AF0EEAD
:10B62000690A06217844FFF707FF9DED041B51ECE2
:10B63000100B53EC112BF4F7FFFE9DED040B41ECC6
:10B640001A0B53EC102B9DED160B51EC100BF4F76D
:10B65000F3FE41EC190B53EC1A2B51EC1D0BF4F7D4
:10B6600044FE53EC192BF4F7E7FE53EC182BF4F7D8
:10B670003CFE9DED041B53EC112BF4F7DDFE53EC67
:10B68000182BF4F732FE41EC180B9FED790B51ECBF
:10B69000190B53EC102BF4F7CFFE53EC182BF4F7E7
:10B6A00024FE41EC190B9DED160B53EC192B51ECBC
:10B6B000100BF4F71AFE41EC180BA74269DC304678
:10B6C000F4F79BFF41EC1A0B51EC180B53EC1A2BBF
:10B6D000F4F70BFE41EC1B0B53EC182B51EC180B41
:10B6E000F4F7AAFE53EC1B2BF4F718FF53EC192BBD
:10B6F000F4F79CFE9DED161B53EC112BF4F799FE0D
:10B700009FED5D1B53EC112BF4F796FE53EC1A2BB7
:10B71000F4F78FFE41EC180B022000EAA570C0F18F
:10B720000100F4F76AFF53EC182BF4F785FE00BF15
:10B7300041EC100B0AB0BDEC0C8B05B0F0BD711CD8
:10B740001698214308430CD09DED160B012E1CBF0B
:10B7500053EC102B51EC1C0B10D000BFF4F7DEFEA5
:10B76000E6E79DED160B51EC100B00F0E9FF41EC04
:10B77000100B51EC1B0B53EC102BEFE751EC100BA3
:10B78000FEF710FC042808BF00F0C6F89DED160B6C
:10B79000D0E7012E04BFB0EE480AF0EE680AC9D027
:10B7A0008DED048B002404949DED040B53EC102BC1
:10B7B0009DED160B51EC100BF4F73BFE53EC192BDF
:10B7C000F4F737FE41EC190B53EC182B51EC1C0B22
:10B7D000F4F7A4FE41EC180B8DED008B00949DED69
:10B7E000040B53EC102B9DED000B51EC100BF4F7F8
:10B7F00023FE53EC1B2BF4F778FD9DED000B41EC81
:10B800001A0B53EC192B51EC100BF4F715FE53ECFB
:10B810001A2BF4F76AFD53EC182BF4F70DFE9DED8F
:10B82000001B53EC112BF4F760FD81E700000000D2
:10B830000000303E00000000000000000000F03F6B
:10B84000000000000000F0BF2894E53F0000000069
:10B85000182D4454FB21E93F075C143326A6813C94
:10B860000000000000000000AA750000C075000084
:10B87000635555555555D53F000000000000004068
:10B880009FED070B10B553EC102B9FED070B51EC00
:10B89000100BF4F743FE41EC100B10BD000000004C
:10B8A0000000000000000000000000000000F03F69
:10B8B00010B553EC102B51EC100BF4F716FD41ECC6
:10B8C000100B10BD10B553EC112B51EC100BF4F70D
:10B8D0000CFD41EC100B10BD9FED050B10B553ECAA
:10B8E000102B51EC100BF4F719FE41EC100B10BDAE
:10B8F00000000000000000009FED050B10B553ECA8
:10B90000102B51EC100BF4F797FD41EC100B10BD10
:10B9100000000000000000709FED050B10B553EC17
:10B92000102B51EC100BF4F787FD41EC100B10BD00
:10B93000000000000000001002E008C8121F08C14B
:10B94000002AFAD170477047002001E001C1121FA0
:10B95000002AFBD1704700000149086070470000D1
:10B96000480300202DE9FF5F82B00021DDE90430AB
:10B97000020DDDF840B0034318D044F61050A2F297
:10B98000FF3242431514119801281FD0A5EB0B007C
:10B99000401C5FEA000A4FF000064E4FDFF8389176
:10B9A000B046504615D5CAF1000413E011980124A1
:10B9B0004AA3012801D16FEA0B010298119AC0E94C
:10B9C0000031C0E9024206B0BDE8F09FCBF10000B3
:10B9D000DFE704460021404A491842EB0450CDE914
:10B9E000001012E0E00707D032463B464046494689
:10B9F000F4F722FD8046894632463B4610461946FA
:10BA0000F4F71AFD06460F466410002CEAD1DDE972
:10BA10000401DDE90023BAF1000F06DAF4F70CFDAA
:10BA200042464B46F4F708FD05E0F4F777FD424641
:10BA30004B46F4F773FD04460E460022284BF4F7FC
:10BA4000D5FF03D84FF0FF30014607E00022254B19
:10BA500020463146F4F749FCF4F7AFFF102409E023
:10BA6000002C0ADB0A220023F4F749FE039B303244
:10BA70001A55641E50EA0102F2D1641C039AC4F103
:10BA800011031444119A012A03D0012208430DD155
:10BA90000AE0084304D000204FF0110B119072E728
:10BAA000A3EB0B056D1E0DE05B4504DD4FF00002BE
:10BAB00005F1010504E003DA4FF00002A5F10105EC
:10BAC000002AECD002981199C0E90231C0E9004582
:10BAD00079E70000000014400000F03F3000000053
:10BAE0000000F0430000E03F2DE9FF4F95B09B467A
:10BAF0008946064600250FE2252877D100242746EF
:10BB0000F84A0121059400E0044316F8013F203B68
:10BB100001FA03F01042F7D130782A2811D06FF0E3
:10BB20002F033078A0F13002092A16D8059A44F084
:10BB3000020402EB820203EB42021044761C0590E1
:10BB4000EFE759F8042B0592002A03DA504244F437
:10BB50000054059044F00204761C30782E2816D14B
:10BB600016F8010F44F004042A280DD06FF02F02BC
:10BB70003078A0F13003092B09D807EB870302EBDB
:10BB80004303C718761CF3E759F8047B761C30781A
:10BB90006C280FD006DC4C2817D068280DD06A28F6
:10BBA00014D104E0742810D07A280FD10DE044F4A9
:10BBB00000140AE044F4801401E044F44014727864
:10BBC000824202D104F58014761C761C30786628F7
:10BBD0000BD013DC582877D009DC002875D0452815
:10BBE000F6D04628F4D047281AD19DE118E0632802
:10BBF00035D0642879D0652812D195E1702873D0AA
:10BC000008DC6728F1D069286FD06E280DD06F2826
:10BC100006D1B5E073282CD0752875D0782874D05B
:10BC20005A46179990476D1C75E1C4F302500228DB
:10BC300009D003280DD0D9F8001004280DD00D60CC
:10BC400009F1040967E1D9F80010EA17C1E90052C7
:10BC5000F6E7D9F800100D80F2E70D70F0E719F85B
:10BC6000041B8DF8001000208DF80100EA46012029
:10BC700003E059F804AB4FF0FF3061074FF00001CB
:10BC800002D40DE008F101018846B9420FDA80457F
:10BC9000F8DB1AF808100029F4D108E008F10101D6
:10BCA00088468142FADB1AF808100029F6D1059877
:10BCB0005B46A0EB080721463846179A00F094FA35
:10BCC000284400EB080507E04DE029E10DE01AF8F3
:10BCD000010B5A4617999047B8F10108F7D25B4615
:10BCE00021463846179A13E142E00A220092C4F333
:10BCF00002524FF0000A022A08D059F804CB032A56
:10BD00004FEAEC710AD00DE029E02AE009F10701C1
:10BD100021F00702F2E802C1914609E00FFA8CFC1B
:10BD20004FEAEC71042A03D14FFA8CFC4FEAEC7114
:10BD3000002907DA0A460021DCF1000C61EB020160
:10BD40002D2202E0220504D52B228DF804200122A9
:10BD500003E0E20701D02022F7E7904659E00A21EC
:10BD600002E010220DE010214FF0000A00910BE0DC
:10BD700010224FF0000A44F004040827009203E068
:10BD800008224FF0000A0092C4F30252022A05D0A2
:10BD900059F804CB0021032A08D009E009F1070172
:10BDA00021F00702F2E802C1914605E01FFA8CFC7F
:10BDB000042A01D10CF0FF0C4FF00008220728D50F
:10BDC000702806D0009B83F0100353EA0A0305D0C5
:10BDD0000EE040228DF80420012208E05CEA010216
:10BDE00006D030228DF804208DF8050002229046FE
:10BDF000009B83F0080353EA0A030AD15CEA0102BC
:10BE000001D1620705D530228DF804204FF00108DA
:10BE10007F1E582804D034A003900EA802900DE095
:10BE200036A0F9E753466046009AF4F768FC84466A
:10BE30000398825C0298401E029002705CEA010046
:10BE4000F0D1029806A9081A00F1200A600702D56D
:10BE500024F4803400E00127574502DDA7EB0A00F7
:10BE600000E0002000EB0A01009005984144401AD0
:10BE70000590E00306D45B462146179A059800F02A
:10BE8000B3F90544002706E001A85A46C05D17999A
:10BE900090476D1C7F1C4745F6DBE0030CD55B46E5
:10BEA0002146179A059800F09FF9054404E03020D8
:10BEB0005A46179990476D1C0099481E009000291A
:10BEC000F5DC08E0029802995A460078491C029174
:10BED000179990476D1CBAF10001AAF1010AF1DC33
:10BEE00065E100000928010030313233343536373E
:10BEF00038396162636465660000000030313233B6
:10BF00003435363738394142434445460000000055
:10BF100000F058F90544761C307800287FF4ECAD29
:10BF200019B02846BDE8F08F620700D4062709F152
:10BF3000070222F0070CFCE80223E14603F0004868
:10BF40005FEA080C02D00FF2702C0DE05FEA045C8F
:10BF500002D50FF2682C07E05FEAC47C02D00FF232
:10BF6000602C01E0AFF2700C4FF0FF3823F000437B
:10BF7000CDF850C065280CD006DC452809D04628ED
:10BF80001DD047283DD13DE0662818D067287ED1D6
:10BF900038E00021112F01DB112000E0781CCDE9F1
:10BFA000000106A90EA8FFF7DDFCDDE90F010E9ADE
:10BFB00003910021009207F1010A04914DE04FF036
:10BFC00000400097CDE9011006A90EA8FFF7CAFCB2
:10BFD000DDE90F0203920E9B11990022DDF80CA0FF
:10BFE0000093049211B9791C00EB010AB7EB0A0027
:10BFF00004D4C0F1FF3007F1010A0490AAEB070056
:10C00000019044E0012F00DA01270021112F01DD0A
:10C01000112000E03846CDE9000106A90EA8FFF77F
:10C02000A1FCDDE90F010E9A039100210491009219
:10C03000BA4621070CD40399514500DA8A46BAF171
:10C04000010F05DD009AAAF10101515C302908D0E9
:10C05000B84202DA10F1040F06DA0121CDE901102D
:10C0600015E0AAF10101E9E7002805DC0499014483
:10C070000491AAEB000102E0411C514500DD8A4613
:10C080000499401A401C01904FF000400290200794
:10C0900004D40198504501DBCDF8048000208DF8D0
:10C0A0004F0002980DF14F07B0F1004F25D02B2023
:10C0B0000E9002984FF0020800280CDA40420290DD
:10C0C0002D200E9007E00A210298F4F702FB303190
:10C0D000029007F8011DB8F10001A8F10108F2DC97
:10C0E00002980028EFD1791E0E980870307800F081
:10C0F000200040F0450007F8020D12A8C01B00F117
:10C1000007081498007800B1012000EB0A0101989B
:10C1100001EBE07105984144401A401E0590E00390
:10C1200006D45B462146179A059800F05DF8054451
:10C130001498007818B15A46179990476D1CE0037F
:10C1400024D55B462146179A059800F04DF8054422
:10C150001CE00498002807DBDDE90301884203DDC9
:10C160000098405C179901E0179930205A46904793
:10C17000049805F10105401C04900198401E0190AF
:10C1800004D12E205A46179990476D1CBAF1000130
:10C19000AAF1010ADDDC05E017F8010B5A461799F0
:10C1A00090476D1CB8F10001A8F10108F4DC5B4672
:10C1B0002146179A0598ABE62D0000002B000000E1
:10C1C000200000002DE9F041044600251E461746D8
:10C1D000880404D405E039462020B0476D1C641E55
:10C1E000F9D52846BDE8F0812DE9F0410446002547
:10C1F0001E469046C80301D5302700E0202788045A
:10C2000004D505E041463846B0476D1C641EF9D59B
:10C210002846BDE8F08100002DE9F0414C48B0F916
:10C22000201000EE101AF8EEC00A9FED4A1AB0F97D
:10C23000220080EE810A00EE900AF8EEE01AC1EECC
:10C24000810AB5EEC00AF1EE10FA02DD30EEC00A46
:10C2500001E030EE800A404E01230021D6ED020AB3
:10C260003E4AF5EEC00AF1EE10FA18D13C4CD4ED7E
:10C27000020AF5EEC00AF1EE10FA10D1394DD5EDF3
:10C28000020AF5EEC00AF1EE10FA08D1DFF8D88004
:10C29000D8ED020AF5EEC00AF1EE10FA04D05370A0
:10C2A0009170D170117151E05078304F01283DD01C
:10C2B00091701079002837D010EE100AB84245DD91
:10C2C00096ED010ABDEEC00A10EE100A00F08EFADB
:10C2D0004FF49676B0421DD894ED010ABDEEC00A27
:10C2E00010EE100A00F082FAB04213D895ED010A60
:10C2F000BDEEC00A10EE100A00F078FAB04209D87C
:10C3000098ED010ABDEEC00A10EE100A00F06EFAB8
:10C31000B0421BD99089401C80B29081B0F57A7FE1
:10C3200002D91171D3705171BDE8F0819078401C31
:10C33000C0B29070FA28BCD310EE100AB84202DDE9
:10C34000D370517100E013715170B2E79181EBE746
:10C35000DC5E0020E1FAD044C85C002054020020DA
:10C36000DC5C0020F05C0020045D0020CDCC0C41A2
:10C3700008B500F02DFA0A4C00903221684603F00F
:10C380007BFC20680028F8D100F00CF8FAF7D4FE06
:10C39000FBF78CF9FBF7A8F9F5F72EFBEDE70000AA
:10C3A000140200202DE9F041A54C7B202DED068BD9
:10C3B000F5EE004AF6EE00AA20767D20A24EDFF8C8
:10C3C0008C8284F82E00D6ED000A98ED001A9D4864
:10C3D0009F4F70EE811A017897ED003A9D489E4A72
:10C3E00031EE830AD0ED002A9C4B30EE220A20EE7B
:10C3F000240A9FED9B8A61EEAA1A92ED002A20EE94
:10C40000080A002561EE881A0829FDEEC03A93ED6E
:10C41000000AFDEEE11A32EE004A31EE602A70D2D7
:10C42000DFE801F00421F0F0F2F004F230EEC10A8E
:10C4300013EE900A608330EE030A30EE620A20EEBB
:10C44000240A20EE080ABDEEC00A10EE100AB1EE72
:10C45000600AA08330EE410A30EE030A30EE220A71
:10C4600020EE240ADEE09FED7F0BFEF749FD9FEDF5
:10C470007F1B51EC100B53EC112BF3F7DDFF97ED05
:10C4800000AAD8ED008A41EC190B3AEE680A20EEBA
:10C490002A0A10EE100AF4F7EDF853EC192BF4F712
:10C4A0003DF89FED741B53EC112BF3F7C5FFF4F728
:10C4B000C2F8608396ED000AB0EE001AF0EE680A4A
:10C4C00050EE010A30EE280A70EECA1AF0EE080AA1
:10C4D00081EEA01A21EE081ABDEEC11A11EE100A63
:10C4E00030EE0A1AA083654881EE200A90ED001A0A
:10C4F000C0EE010A20EE880ABDEEC00A10EE100A56
:10C50000E0835F48DFF87CC1B0F920606684C18BAE
:10C5100049420BB2A384B0F92220E284B0F91A1088
:10C520002185078B7F423FB267859CF800C0BCF134
:10C53000000F68D0A585544890ED000A20EE080A47
:10C54000BDEEC00A10EE100A2084257E257084F806
:10C5500001C0658B4FEA152C84F802C0E570A58BED
:10C560004FEA152C84F804C06571E58B4FEA152C51
:10C5700084F806C0E571350A257266721D0AA57237
:10C58000E372130A237362730A0AA273E173390A0E
:10C5900021746774A18D0A0AA274E174010A2175DD
:10C5A000607501211620F5F7B1FAA07594F82E00F8
:10C5B000E075234C7C2352347F202372E073334890
:10C5C0003349344A90ED000ABDEEC00A10EE100A5D
:10C5D000608109782173127862732370030A637093
:10C5E000A070E1702C482271012100786071062052
:10C5F000F5F7A8FAA071E07BE071BDEC068BBDE811
:10C60000F08101E011E017E0B1EE410A13EE900A6B
:10C6100030EE600A6083A58330EE030A30EE220A12
:10C6200020EE2A0AC0EE040A64E7C2EE000A11EE08
:10C63000900A6083A5835DE7808BA0857BE700007F
:10C64000A2080020FD010020C85C0020DC5C002066
:10C65000F05C0020045D0020400200203C0200202D
:10C6600000007A44000000000000084000000000C4
:10C670000000E03F0000000000408F404402002026
:10C68000DC5E0020FC0100201800002008010020D2
:10C6900019010020180100200501002010B50446F2
:10C6A0000420F9F7D1FC0A484FF47A71047014FBA6
:10C6B00001F1012242804FF0E020026942F00202C3
:10C6C00002614161016941F00101016110BD000099
:10C6D0006C01002070B5044604F014F901280CD058
:10C6E000094D6888844203D3B4FBF0F003F08EFA5E
:10C6F0006888B4FBF0F100FB11444FF47A7060439A
:10C70000BDE8704000F002B86C01002070B54FF039
:10C71000E02500216C69094AAB6912785043AA6987
:10C720009A42FCD002D2A3EB020302E0A4EB020681
:10C730003344194413468142F1D370BD6C0100208B
:10C7400082B0CDE9000121F0004001909DED000B89
:10C7500002B051EC100B7047B5EEC00AF1EE10FAC2
:10C7600001DAB1EE400A704704490A885206FCD546
:10C77000024AC1B2121D11807047000000440040FF
:10C7800010B5002821D0114B0022001F196803E0CA
:10C79000814203D80A4649680029F9D152B1136889
:10C7A000841A9C4204D1006818441060104602E0CC
:10C7B000506000E0186039B102680B1A934203D14F
:10C7C0000B681A4402604968416010BD40030020B4
:10C7D00010B504F097F8012803D0BDE8104004F02C
:10C7E0009FB80148406810BD6C010020002800DAA5
:10C7F0004042704710B50021D020F7F735FAEA28FB
:10C8000003D1BDE8104000F0D7B810BD2DE9F047C6
:10C8100086B08146002088460090019002900390E7
:10C82000049092462E21D020F7F71EFA60F30704F9
:10C830002D21D020F7F718FA60F30F24ADF800404F
:10C840003021D020F7F710FA60F307042F21D02011
:10C85000F7F70AFA60F30F24ADF802403221D02036
:10C86000F7F702FA60F307043121D020F7F7FCF95B
:10C8700060F30F24ADF804400F4D00246E4602AF64
:10C8800004EBC40005EB400007EB840336F91420E9
:10C89000811C00F013F8641CE4B2032CF0D302985E
:10C8A000A9F800000398A8F800000498AAF800006E
:10C8B00006B0BDE8F08700003A09002030B50478E2
:10C8C0006500641C04704A53027802F0070202708B
:10C8D0000020186031F910401A68401C2244C0B290
:10C8E0001A600828F6D3D010186030BD2DE9F04743
:10C8F00086B08046002089462D4900900190029024
:10C900000390049008889246401C08803421D0206F
:10C91000F7F7AAF960F307043321D020F7F7A4F959
:10C9200060F30F24ADF800403621D020F7F79CF9D2
:10C9300060F307043521D020F7F796F960F30F2450
:10C94000ADF802403821D020F7F78EF960F30704E4
:10C950003721D020F7F788F960F30F24ADF80440B1
:10C96000144D00246E4602AF04EBC40005EB4000FA
:10C9700007EB840336F91420811CFFF79FFF641C2A
:10C98000E4B2032CF0D30A48029908300288891ACD
:10C99000A8F8001042880399891AA9F80010808825
:10C9A0000499081AAAF8000006B0BDE8F087000054
:10C9B0003801002004090020FEB500227F21D0208C
:10C9C000F7F73AFA01220621D020F7F735FA0A20C4
:10C9D000FFF780FE01220621D020F7F72DFA202252
:10C9E0007F21D020F7F728FA07220021D020F7F77F
:10C9F00023FA33220121D020F7F71EFA0722112152
:10CA0000D020F7F719FA31221421D020F7F714FAC1
:10CA100000227F21D020F7F70FFA6420FFF75AFE9B
:10CA20000020ADF80000ADF80400ADF8080007469E
:10CA300006460546044602AA01A96846FFF756FFC6
:10CA4000BDF900000744BDF904000644BDF9080023
:10CA500005440A20FFF73EFE641CE4B2202CEAD312
:10CA60000A4879116B4601807111418069118180FA
:10CA7000022200218C2000F00BF803B00822BDE850
:10CA8000F04031210C2000F059B800004001002096
:10CA90002DE9F04115460C4607461E4630227F21FF
:10CAA000D020F7F7C9F93A460321D020F7F7C4F9A7
:10CAB00022460421D020F7F7BFF945F08002052176
:10CAC000D020F7F7B9F900227F21D020F7F7B4F989
:10CAD0000321D020F7F7C8F840F0200422460321B4
:10CAE000D020F7F7A9F90520FFF7F4FD24F0200284
:10CAF0000321D020F7F7A0F9002408E004F13B005F
:10CB0000C1B2D020F7F7B0F83055641CE4B2AC42A3
:10CB1000F4D330227F21D020F7F78EF90521D020E1
:10CB2000F7F7A2F802460521D020F7F785F9BDE80E
:10CB3000F04100227F21D020F7F77EB970B516466C
:10CB40000C46054630227F21D020F7F775F92A469A
:10CB50000721D020F7F770F922460821D020F7F7F7
:10CB60006BF932460A21D020F7F766F981220921B4
:10CB7000D020F7F761F900227F21D020F7F75CF988
:10CB80000321D020F7F770F840F02004224603215B
:10CB9000D020F7F751F90520FFF79CFD24F0200283
:10CBA0000321D020F7F748F930227F21D020F7F772
:10CBB00043F90521D020F7F757F802460521D02088
:10CBC000F7F73AF9BDE8704000227F21D020F7F74F
:10CBD00033B900000C4C0D4E0D4D0E4F307801282E
:10CBE00002D0022806D00AE0D4F8B002C043C4F84C
:10CBF000B00204E0D5F8A002C043C5F8A00238682E
:10CC000003F004F8EAE7000000004042185D00204D
:10CC100000004242400000201CB502F0C3FB07495F
:10CC20000120CDE900010202002305A1074803F01D
:10CC30003DFE03F0A1F900201CBD00000000002013
:10CC400073746172745F7461736B0000A1EF00080C
:10CC5000F0B50B30154D20F007010024144A0FE009
:10CC600003688B420BD38B4205D95E1A4318476881
:10CC7000C3E9006700E04368136002C004E0021DDE
:10CC800010680028ECD12046002802D1286808B19D
:10CC90000020F0BD064A07481060074A121A22F029
:10CCA0000702C0E9002401202860D7E744030020E0
:10CCB000400300207C7000207872002018B17F288B
:10CCC00003D87F3002E07F2070478038C0B27047C1
:10CCD0000346012000E05843491EC9B2FBD2704709
:10CCE0002DE9F04F40F205102DED028B81B0FE4C86
:10CCF0000A2120600920F6F7F5F8FC490860216850
:10CD000090FBF1F5072D00DD07254FF48061F84811
:10CD1000F3F7CBFAF748F84EDFF8E0830068DFED71
:10CD2000F88A9FEDF88ADFF8E0A3F84F0C2430B1C1
:10CD3000DFF8DC9399F8000000287DD0FDE3DFF8F0
:10CD4000D49399F80100012814D1F34800900723E7
:10CD50006A2202211620F7F7C3FE99F8020049461D
:10CD6000401CC0B289F80200142866D300208870E5
:10CD700089F8010099F80000DFF8A0B3002861D01D
:10CD800001285AD1E6A200210720F8F705F9E84862
:10CD90000094012302780A210920F8F7C1F8E54838
:10CDA0000094012302780A212720F8F7B9F8E24815
:10CDB0000094012302780A214520F8F7B1F8DF48F2
:10CDC0000094012302780A216320F8F7A9F8DCA275
:10CDD0001E210020F8F7E0F8DBA21E214B20F8F717
:10CDE000DBF8DBED000A02231E2180EE880A1A46DA
:10CDF000084601F0E1F9D5A232210020F8F7CCF87D
:10CE0000D34D009403232A7832211820F8F788F8AC
:10CE100000946A78032332213020F8F781F80094D7
:10CE2000AA78032332214820F8F77AF800940323E4
:10CE30003221EA78602001E0EFE3EFE3F8F770F8E1
:10CE400001F0CEB8C34890ED000ADFEDC30A4FF4FD
:10CE50008061A74820EE200ABDEEC00A89ED060ACF
:10CE6000F3F723FAA34800680028E9D1BB4800780B
:10CE700008B1BBA216E0082D18D2DFE805F00406C1
:10CE8000080A0C0E1012B8A20CE0B9A20AE0BAA26D
:10CE900008E0BBA206E0BCA204E0BDA202E0BEA284
:10CEA00000E0BFA200210846F8F776F8BE4D2878CA
:10CEB00070B101280CD006280AD002284ED00328D1
:10CEC0004CD004284AD0052848D0072846D075E31E
:10CED000B6480078C8B1A5A200215020F8F75CF848
:10CEE000B3A200215520F8F757F8B2A200213C2048
:10CEF000F8F752F8DBED000A0223012280EE880ADF
:10CF000000215A2001F058F948E0ACA200214C2041
:10CF1000F8F742F895A200217820F8F73DF8A9A289
:10CF200000213C20F8F738F8B7F91C00002809DA8E
:10CF3000A5A200215020F8F72FF80094B7F91C00A3
:10CF4000424207E0A1A200215020F8F725F8009402
:10CF5000B7F91C20052300215A201DE09CA20021C6
:10CF60003720F8F719F8B7F90400002809DA96A273
:10CF700000215A20F8F710F80094B7F90400424253
:10CF800007E092A200215A20F8F706F80094B7F9BA
:10CF90000420032300216420F7F7C2FF287870B132
:10CFA00001280CD004280AD0062808D0072806D06B
:10CFB00002284FD003284DD005284BD0FEE262A2B4
:10CFC0000A210020F7F7E8FF96ED020AB5EEC00A45
:10CFD000F1EE10FA0AD27CA20A210F20F7F7DCFF4B
:10CFE000009496ED020A20EE280A09E077A20A21B1
:10CFF0000F20F7F7D1FF009496ED020A20EE080A01
:10D0000005230A211420BCEEC00A10EE102AF7F7FF
:10D0100087FF96ED000AB5EEC00AF1EE10FA0AD2CB
:10D0200069A20A213C20F7F7B7FF009496ED000AA9
:10D0300020EE280A09E065A20A213C20F7F7ACFFA0
:10D04000009496ED000A20EE080ABCEEC00A10EE2D
:10D05000102A1AE060A20A210020F7F79DFFB7F915
:10D060001C00002809DA58A20A213C20F7F794FF97
:10D070000094B7F91C00424207E054A20A213C2068
:10D08000F7F78AFF0094B7F91C2005230A214B20EB
:10D09000F7F746FF28782F4670B101280CD00428F6
:10D0A0000AD0072808D0062806D002281AD003285C
:10D0B00018D0052816D081E249A214210020F7F7E4
:10D0C0006BFF98ED020A4546B5EEC00AF1EE10FA84
:10D0D00009D23DA214210F20F7F75EFF009495EDD1
:10D0E000020A7FE004E180E02002002050020020DC
:10D0F0005803002014020020C85C0020DC5C0020E3
:10D1000000007AC400007A44045D0020DC5E002048
:10D11000005F0020A0020020242801080801002050
:10D120004C4120204C4220205242202052410000FD
:10D130003401002035010020360100203701002095
:10D140006375723A000000004100000049503A0047
:10D15000D8000020180000200000C842050100206F
:10D1600052434D20000000004D6563202000000068
:10D170004F6D6E6920000000416B6D2020000000A3
:10D1800044696666200000003457442020000000F7
:10D1900054616E6B200000004D65632D5600000049
:10D1A0003457442D56000000FD01002018010020D6
:10D1B000202020004375723A00000000202020202B
:10D1C00000000000475A00002D0000002B00000066
:10D1D00042494153000000004759524F5F5A3A00FC
:10D1E0004200000020EE280A0AE0AFF220021421DB
:10D1F0000F20F7F7D1FE009495ED020A20EE080A01
:10D20000142105230846BCEEC00A10EE102AF7F7D9
:10D2100087FE95ED000AB5EEC00AF1EE10FA0BD2CA
:10D22000AFF25C0214213C20F7F7B6FE009495EDB6
:10D23000000A20EE280A0AE0AFF2700214213C2016
:10D24000F7F7AAFE009495ED000A20EE080A0523E0
:10D2500014214B20BCEEC00A10EE102AF7F760FE36
:10D26000FEA21E210020F7F797FEFD4D9BE0BCEECD
:10D27000C00A05231E2110EE102A1420F7F750FED5
:10D2800095ED000AB5EEC00AF1EE10FA0BD2AFF23E
:10D29000C8021E213C20F7F77FFE009495ED000A9E
:10D2A00020EE280A0AE0AFF2DC021E213C20F7F74C
:10D2B00073FE009495ED000A20EE080A05231E2156
:10D2C0004B20BCEEC00A10EE102AF7F729FE387882
:10D2D000E8B304283BD0062839D0072837D00128E6
:10D2E00074D0022873D0032872D00528FCD065E1E1
:10D2F000DCA214210020F7F74FFE96ED020AB5EEEE
:10D30000C00AF1EE10FA0BD2AFF2441214210F2032
:10D31000F7F742FE009496ED020A20EE280A0AE092
:10D32000AFF2581214210F20F7F736FE009496ED55
:10D33000020A20EE080A142105230846BCEEC00AA2
:10D3400010EE102AF7F7ECFD96ED000A00E04CE035
:10D35000B5EEC00AF1EE10FA0BD2AFF2941214211E
:10D360003C20F7F719FE009496ED000A20EE280AFB
:10D370000AE0AFF2A81214213C20F7F70DFE00944A
:10D3800096ED000A20EE080A052314214B20BCEE7E
:10D39000C00A10EE102AF7F7C3FDB3A21E21002029
:10D3A000F7F7FAFD454695ED020AB5EEC00AF1EE33
:10D3B00010FA0ED2AFF2F0121E210F20F7F7ECFD9B
:10D3C000009495ED020A20EE280A50E760E07EE026
:10D3D0009DE0AFF208221E210F20F7F7DDFD00943B
:10D3E00095ED020A20EE080A41E7A0A228210020BC
:10D3F000F7F7D2FD9AED020A5546B5EEC00AF1EEF6
:10D4000010FA0BD2AFF2402228210F20F7F7C4FD0B
:10D41000009495ED020A20EE280A0AE0AFF25422A9
:10D4200028210F20F7F7B8FD009495ED020A20EEB1
:10D43000080A052328211420BCEEC00A10EE102A89
:10D44000F7F76EFD95ED000AB5EEC00AF1EE10FAA1
:10D450000BD2AFF28C2228213C20F7F79DFD0094DF
:10D4600095ED000A20EE280A0AE0AFF2A02228215A
:10D470003C20F7F791FD009495ED000A20EE080A94
:10D48000BCEEC00A10EE102A052328214B2093E0A1
:10D4900077A228210020F7F77FFD774DB5F91A0014
:10D4A00000280ADAAFF2E02228213C20F7F774FDC9
:10D4B0000094B5F91A004242E6E7AFF2F0222821C3
:10D4C0003C20F7F769FD0094B5F91A20DCE76BA260
:10D4D00028210020F7F760FD6A4D286800280ADA45
:10D4E000AFF21C3228213C20F7F756FD0094286843
:10D4F0000423424208E0AFF22C3228213C20F7F707
:10D500004BFD00942A6804232821502054E05EA299
:10D5100028210020F7F740FD96ED010AB5EEC00A7C
:10D52000F1EE10FA0DD2AFF2603228211420F7F795
:10D5300033FD009496ED010A00E00DE1B1EE400AE2
:10D5400008E0AFF2783228211420F7F725FD009487
:10D5500096ED010A04232821BCEEC00A1E2010EE1D
:10D56000102AF7F7DDFC49A228213C20F7F714FD2B
:10D5700098ED010A4546B5EEC00AF1EE10FA0BD25D
:10D58000AFF2BC3228215020F7F706FD009495ED4C
:10D59000010AB1EE400A08E0AFF2D0322821502053
:10D5A000F7F7FAFC009495ED010A04232821BCEE5C
:10D5B000C00A5A2010EE102AF7F7B2FC344800785F
:10D5C000012813D033480078012811D03248007860
:10D5D00001280FD03148007801280DD0304831495A
:10D5E00000780978084309D02FA20CE030A20AE0A5
:10D5F00031A208E032A206E033A204E03448007809
:10D6000001280CD033A232210020F7F7C5FC3348A3
:10D61000D0F80C02012804D006E089E0F9E330A23A
:10D62000F1E730480078B8B12FA232212D20F7F76A
:10D63000B3FCD9F81800642590FBF5F24E4602239E
:10D6400032214B200094F7F76BFC28A2322158209E
:10D65000F7F7A2FCB0694BE068E00000430000006F
:10D66000F05C00204C3A0000523A000044000000F8
:10D670004D4F56455F5A0000A208002053455256B0
:10D680004F3A0000240200204D4100004D420000AE
:10D690000C0200200D0200200E0200200F020020CC
:10D6A0004802002049020020555341525400000016
:10D6B0005053322020000000415050202000000034
:10D6C000522D43202000000043414E202000000046
:10D6D00004010020524F53202000000000804142EE
:10D6E0006E617600FC0100204F4646002E000000CF
:10D6F00090FBF5F105FB1102022332216220009418
:10D70000F7F70EFCAFF26C5232216E20F7F744FCB3
:10D71000B06990FBF5F105FB11000A287EDA0223BF
:10D72000002232215C200094FFF785BBF2A27CE747
:10D730000021F2A20846F7F7F9FAF5A2102100201D
:10D74000F7F7F4FAF7A220210020F7F7EFFAFAA290
:10D7500032216820F7F720FC99F80000012824D135
:10D76000F7F758FCF5A209210820F7F7F5FA082D7C
:10D770000CD2DFE805F004061F2123252729F3A298
:10D7800000E0F4A20A215C20F7F706FCF3A21621C0
:10D790000C20F7F7E1FAF6A222210020F7F7C6FAEB
:10D7A000F8A232216820F7F7F7FB99F80000022869
:10D7B0000CD01FE0F4A2E5E7F5A2E3E7F6A2E1E76B
:10D7C000F7A2DFE7F8A2DDE7F9A2DBE7FAA2002182
:10D7D0001820F7F7ABFAFBA210210020F7F7A6FA02
:10D7E000FDA220211820F7F7A1FAFEA2322168201D
:10D7F000F7F7D2FB99F8000003287DD196ED000AD7
:10D80000B5EEC00AF1EE10FA0CD2F7A20521002005
:10D81000F7F7C2FB009496ED000A00E0E0E320EE8B
:10D82000280A09E0F1A205210020F7F7B5FB0094D2
:10D8300096ED000A20EE080A052319461420BCEED6
:10D84000C00A10EE102AF7F76BFB98ED000A464667
:10D85000B5EEC00AF1EE10FA0AD2E5A20521462083
:10D86000F7F79AFB009496ED000A20EE280A09E0EB
:10D87000E0A205214620F7F78FFB009496ED000A01
:10D8800020EE080A052319465A20BCEEC00A10EE05
:10D89000102AF7F745FBD84E96ED000AB5EEC00A00
:10D8A000F1EE10FA0AD2D5A214210020F7F774FB8A
:10D8B000009496ED000A20EE280A09E0D0A2142177
:10D8C0000020F7F769FB009496ED000A20EE080AA5
:10D8D000142105230846BCEEC00A10EE102AF7F703
:10D8E0001FFB9AED000A5646B5EEC00AF1EE10FA9B
:10D8F0000CD2C4A2142100E025E04620F7F74CFB2F
:10D90000009496ED000A20EE280A09E0BEA2142138
:10D910004620F7F741FB009496ED000A20EE080A36
:10D92000052314215A20BCEEC00A10EE102AF7F786
:10D93000F7FAA9A220211820F7F7F8F9A9A23221B5
:10D940006820F7F729FB99F800004E4604280ED10D
:10D950000021AEA20846F7F7E9F9B1A22021002084
:10D96000F7F7E4F9B3A232216820F7F715FB307816
:10D9700005287DD10021B0A20846F7F7D7F9B3A258
:10D9800010210020F7F708FBB7F9180000280ADA81
:10D99000AFF2CC7210210846F7F7FEFA0094B7F9FF
:10D9A0001800424208E0AFF2DC7210210846F7F797
:10D9B000F3FA0094B7F91820052310211820F7F77F
:10D9C000AFFAB7F91A0000280ADAAFF604021A21F2
:10D9D0001020F7F7E1FA0094B7F91A00424208E084
:10D9E000AFF618021A211020F7F7D6FA0094B7F90B
:10D9F0001A2005231A211820F7F792FAB7F91C000C
:10DA000000280ADAAFF6400224211020F7F7C4FA02
:10DA10000094B7F91C00424208E0AFF650022421FE
:10DA20001020F7F7B9FA0094B7F91C200523242138
:10DA30001820F7F775FA86A210214020F7F7ACFA04
:10DA400083A21A214020F7F7A7FA81A224214020BF
:10DA5000F7F7A2FAAFF6101210214820F7F79CFA58
:10DA6000B7F91E0000280CDAAFF6A402102100E07E
:10DA700006E15020F7F790FA0094B7F91E004242F1
:10DA800008E0AFF6B80210215020F7F785FA0094AD
:10DA9000B7F91E20052310215820F7F741FAB7F9EE
:10DAA000200000280ADAAFF6E0021A215020F7F72A
:10DAB00073FA0094B7F92000424208E0AFF6F4028E
:10DAC0001A215020F7F768FA0094B7F920200523AF
:10DAD0001A215820F7F724FAB7F92200002809DAAA
:10DAE000AFF61C1224215020F7F756FA0094B7F92C
:10DAF0002200AFE0B0E000004F204E00C7EBCFC8DF
:10DB0000D4C4B6C1CAB9D3C3CAD6B2E100000000BA
:10DB10002020B5A5BBF7D3C3BBA7B0B4BCFC202065
:10DB20000000000020202020C8B7C8CFBFAACABC70
:10DB30002020202000000000302F3800C7EBD7AA9B
:10DB4000B6AFB5E7CEBBC6F7A3BA00004D656320FC
:10DB5000000000004F6D6E6900000000CDCBB3F6F1
:10DB6000C7B0D0E8B5F7BBD8D4ADB3B5D0CD0000C1
:10DB70002020C4A3CABDA3BAB5E7CEBBC6F72020F8
:10DB800000000000312F3800416B6D2000000000C4
:10DB9000446966660000000034574420000000001D
:10DBA00054616E6B000000004D656356000000007C
:10DBB0003457445600000000BCDCBFD5B3B5C2D614
:10DBC000BAF30000B5A5BBF7BFAACABCB8DFCBD972
:10DBD000D7AAB6AF00000000C4A3CABDA3BAB5E778
:10DBE000BBFA0000322F3800412D0000412B00000D
:10DBF000422D0000422B0000F05C0020432D00006D
:10DC0000432B0000442D0000442B00002020202046
:10DC1000B5A5BBF7BDF8C8EB202020200000000010
:10DC20002020C4A3CABDA3BACDD3C2DDD2C7202051
:10DC300000000000332F3800BBCEB6AFD0A1B3B583
:10DC4000B9DBB2ECCAFDBEDD0000000047000000F9
:10DC50007C000000424208E0AFF6902224215020D0
:10DC6000F7F79AF90094B7F92220052324215820C8
:10DC7000F7F756F9AFF2440232216820F7F78CF932
:10DC8000307806280FD1AFF27C0200210846F7F762
:10DC90004DF8D9A220210820F7F748F8DAA232215E
:10DCA0006820F7F779F93078072809D0082807D0D5
:10DCB000092805D00A2803D00B2801D00C2851D1FF
:10DCC0000021D2A20846F7F767F900940523002146
:10DCD00010207269F7F724F9CDA200214020F7F750
:10DCE0005BF90094052300215020B269F7F718F979
:10DCF000C8A20A210020F7F74FF9009405230A2152
:10DD00001020F269F7F70CF9C3A20A214020F7F7B7
:10DD100043F9009405230A215020326AF7F700F9ED
:10DD2000BEA214210020F7F737F90094052314212F
:10DD30001020726AF7F7F4F8B9A214214020F7F71F
:10DD40002BF90094052314215020B26AF7F7E8F864
:10DD5000A9A220210820F6F7E9FFABA23221682012
:10DD6000F7F71AF930780D280FD1AFF260120021C1
:10DD70000846F6F7DBFFABA220210020F6F7D6FF1E
:10DD8000ADA232216820F7F707F930780E2818D1B4
:10DD9000AAA210211820F6F7C9FFAB48D0F8A002BC
:10DDA000012812D0A9A210215820F6F7BFFF9DA28A
:10DDB00020210020F6F7BAFF9FA232216820F7F752
:10DDC000EBF830780F2802D01FE0A1A2EBE700218A
:10DDD000A0A20846F6F7AAFFA3A210212020F6F77A
:10DDE000A5FFA348D0F80C02012813D097A2102158
:10DDF0005020F6F79BFF9FA220210820F6F796FF00
:10DE0000A0A232216820F7F7C7F83078102803D095
:10DE100016E0ECE08EA2EAE700219BA20846F6F7A6
:10DE200085FF9EA210211820F6F780FF9EA22021D8
:10DE30001820F6F77BFF9FA232216820F7F7ACF895
:10DE40003078112838D19CA200210820F6F76EFF07
:10DE500096F82C00012810D0022810D0032810D0EA
:10DE6000042810D0052810D0062810D0072810D07C
:10DE7000082810D0092810D014E093A20EE094A234
:10DE80000CE095A20AE096A208E097A206E098A20C
:10DE900004E099A202E09AA200E09BA210213020A7
:10DEA000F6F744FF80A220211820F6F73FFF81A259
:10DEB00032216820F7F770F83078122822D194A226
:10DEC00000210820F6F732FF95A210211420F6F762
:10DED0002DFF95A210214420F7F77DF893A2102181
:10DEE0005C20F6F723FF92A220211420F6F71EFFF4
:10DEF00092A220216420F7F76EF891A232216820C7
:10DF0000F7F74AF83078132827D100218DA2084668
:10DF1000F6F70CFF8DA200212420F7F75CF88CA205
:10DF200000213020F6F702FF8CA210210820F6F71E
:10DF3000FDFE8DA210214820F7F74DF87CA220218C
:10DF40001420F6F7F3FE7DA220216420F7F743F8B2
:10DF50007BA232216820F7F71FF8307814283AD1D5
:10DF6000002183A20846F6F7E1FE86A210210020D8
:10DF7000F6F7DCFE88A220210C20F6F7D7FE082D4C
:10DF800024D2DFE805F004070E1114171A1DAFF2B2
:10DF9000444201E0AFF2444220215C20F7F71BF835
:10DFA00014E0AFF21C42F7E7AFF21C42F4E7AFF225
:10DFB0001842F1E7AFF21842EEE7AFF2144201E087
:10DFC000AFF2144220215C20F6F7E6FF5CA232217A
:10DFD0006820F6F7E1FF73A232210020F6F7BCFEBD
:10DFE00001B0BDEC028BBDE8F04FF6F767BE01B0A3
:10DFF000BDEC028BBDE8F08FC4A3CABDA3BAC1F9C2
:10E00000C2B7B6E6BBFA0000342F3800313A000040
:10E01000323A0000333A0000343A0000353A00004A
:10E02000363A00002020C4A3CABDA3BAB7E4C3F99E
:10E03000C6F7202000000000352F3800B7E4C3F9F0
:10E04000C6F7A3BA0000000000004042B9D80000A3
:10E05000BFAA00002020B2A6B6AFCAB9C4DCBFAACE
:10E06000B9D8202000000000BFAAB9D8A3BA000088
:10E0700000804142C4A3CABDA3BACAB9C4DCBFAAC6
:10E08000B9D80000362F3800C8B7C8CFC0B6D1C045
:10E09000BAECB5C6B3A3C1C100000000BAF3B5A580
:10E0A000BBF7BDF8C8EB0000C4A3CABDA3BAC0B695
:10E0B000D1C00000372F3800D0A1B3B5D0D0B6AF53
:10E0C000D7B4CCACA3BA0000CFF2C7B000000000B8
:10E0D000D3D2C9CF00000000CFF2D3D2000000009D
:10E0E000D3D2CFC200000000CFF2BAF3000000008C
:10E0F000D7F3CFC200000000CFF2D7F3000000003A
:10E10000D7F3C9CF00000000CDA3D6B900000000AE
:10E11000CAB9D3C3CAFDBEDDCFDFC1ACBDD30000D9
:10E12000D6D0BCE4B5C4000055534200BFDA0000AD
:10E13000C4A3CABDA3BAB4AEBFDA00003300000066
:10E14000382F3800B7A2CBCD00000000230000001C
:10E15000BDE1CEB2B5C4CAFDBEDD0000B2A8CCD8C8
:10E16000C2CAA3BA0000000031313532303000009D
:10E17000BCB4BDABCDCBB3F6D6CABCECC4A3CABD50
:10E1800000000000C7EBD7AAB6AFB5E7CEBBC6F715
:10E19000BBD8B5BD00000000B5B1C7B0B3B5D0CD98
:10E1A000A3BA0000B5A5BBF7BCCCD0F8CBABBBF78E
:10E1B000CDCBB3F6000000002DE9F84F994690460C
:10E1C0008B460546F4F74EFB04468068012700287D
:10E1D0004FF00C03009701DD2B2200E02D22594661
:10E1E0002846F6F7CFFD0C26009605F10800C0B2D0
:10E1F000434659462268F6F793FE009705EBC80799
:10E20000B81DC0B20C232E225946F6F7BBFD62683A
:10E2100007F10C004FF00A0A642A30DA05EBC80552
:10E220001235B9F1030F0FD0642A06D2C0B2012310
:10E23000002259460096F6F773FE6168E8B291FB3A
:10E24000FAF20096012315E0C0B2012300225946DC
:10E250000096F6F765FE6268E8B20A2A009615DABB
:10E26000012300225946F6F75BFE00961837F8B2F4
:10E270006268E7E75946F6F753FEBDE8F88FB9F153
:10E28000030F05D092FBFAF2C0B200960223F1E729
:10E29000C0B203230096EDE7F8B51D466FF0030307
:10E2A0006FF002064FF00004EFF30582A2B1F8B15F
:10E2B000F1B1EDB9002200926A4602F059FA012844
:10E2C00018D10098B8B10D494FF080500860BFF3E5
:10E2D0004F8FBFF36F8F0EE050B149B100232A4634
:10E2E00001F0FCFF012806D025B16FF0010402E027
:10E2F0001C4600E034462046F8BD000004ED00E076
:10E3000008B51A46EFF30583C3B1002815D00029DC
:10E3100013D0002A11D1134600926A4602F0B8F9D0
:10E3200001280AD10098002807D008494FF08050F2
:10E330000860BFF34F8FBFF36F8F08BD0028FCD07C
:10E340000029FAD0002302F0DFF808BD04ED00E058
:10E350002DE9F041184E0F460446F5683068001D5F
:10E3600001F0CAFA38B9306890F82C1001208840C2
:10E37000316981433161601C07D137B13168BDE833
:10E38000F0410E48091D01F0EFBA30682C44AC4250
:10E390004460316805D2B06BBDE8F041091D01F061
:10E3A000CBBA706B091D01F0C7FAB06A844200D283
:10E3B000B462BDE8F081000088010020800C0020DC
:10E3C0002DE9F041054601F0DBFA2D4EB068401C06
:10E3D000B06030682B4F10B1706930B32BE03560FE
:10E3E000B068012827D1002404EB840007EB8000EB
:10E3F00001F094FA641C202CF6D3234801F08EFA25
:10E400002148143001F08AFA1F48283001F086FABA
:10E410001D483C3001F082FA1B48503001F07EFA72
:10E42000194870631430B06305E03068E96AC06A67
:10E43000884200D83560706A0121401C70626864AF
:10E44000E86A326981401143316100EB800007EBDB
:10E450008000291D01F088FA01F0CEFA70690028C9
:10E460000CD03068E96AC06A884207D207494FF089
:10E4700080500860BFF34F8FBFF36F8FBDE8F0810E
:10E4800088010020B0090020300C002004ED00E0DD
:10E4900010B501F075FA0E4C2068A0B90D4801F0D6
:10E4A0003DFA0C48143001F039FA0A48E0601430A3
:10E4B000206100221021052001F0D4FE206010B15F
:10E4C00005A101F06FFBBDE8104001F095BA000016
:10E4D000C4010020940C0020546D72510000000013
:10E4E00070B5124E124D1CE001F090FD306820B165
:10E4F000002402F035FBA4B901E00124F9E701F0A2
:10E500003FFAF068C468201D01F0F6F9A868401EC3
:10E51000A8606868401E686001F06EFA204600F04E
:10E5200052F868680028DFD170BD00006C0C002034
:10E530008801002030B4026C0B46002A0BD0C16861
:10E540001144C1604468A14201D30168C16030BC7C
:10E550001846F1F791BE30BC70472DE9F041856B4C
:10E56000174604460026026C82B1C7B1E068F1F795
:10E5700083FEE168206C091AE1602268914202D2B0
:10E580006168081AE060022F16D017E02068A8B969
:10E59000606802F03FFA0646002060600EE0A06866
:10E5A000F1F76AFE216CA0680844A06061688842A7
:10E5B00004D32068A06001E005B16D1E6D1CA56349
:10E5C0003046BDE8F08110B50446006B01F046FA14
:10E5D0002046BDE8104001F041BA000010484FF459
:10E5E000A041420706D0C01D0D4920F00700411A86
:10E5F000C1F5A0410B4A00230144C2E900030839D8
:10E60000103A21F0070111604B600B600B1AC0E952
:10E61000001393604FF000405360D06070470000DB
:10E62000BC0C0020F4010020074E4FF08054074D31
:10E63000FFF756FF30680128FAD92C60BFF34F8FDF
:10E64000BFF36F8FF4E70000B009002004ED00E095
:10E650002DE9F047DDE909840E4617468246910010
:10E660009946089DA522206BF1F718FE6FF0030173
:10E67000206B01EB8701084420F00707780705D0DD
:10E6800040F22B3219A11EA0FBF77CFC00202218BF
:10E69000315C82F83410315C11B1401C1028F6D383
:10E6A000002684F84360202D00D31F25E562C4E9CD
:10E6B0001356201D01F03DF904F1180001F039F95D
:10E6C0002461C5F120006462A061666584F8586029
:10E6D0004A465146384600F059FB2060B8F1000F19
:10E6E00001D0C8F80040BDE8F08700002E2E5C463F
:10E6F00072656552544F535C7461736B732E630083
:10E700004572726F723A25732C25640D0A00000061
:10E7100030B5114900E011460A688242FBD34B68CC
:10E720005C18844203D14068184448600846436836
:10E730001C18944209D1084C103C2468A24209D00C
:10E7400052681A4442600A6812680260814200D02E
:10E75000086030BD0460F9E7F401002070B50024C2
:10E7600041600B4D0061914206D8D11A82699142F5
:10E7700006D2011D286907E09A4203D2994201D3CB
:10E78000012403E0011DE86801F0D6F8204670BDC1
:10E79000C401002010B5044601F0F2F8A06B20B1CE
:10E7A000002401F029F9204610BD0124F9E70000FA
:10E7B0002DE9F34100980F460026846C2CB940F6F1
:10E7C000CE1216A11AA0FBF7DDFBA06BE16B88420D
:10E7D00005D340F6CF1211A115A0FBF7D3FBA06B18
:10E7E000E16B88420CD294F945503A46694620467E
:10E7F000FFF7B3FE0646681C05D06D1C84F8455033
:10E800003046BDE8FC81606A0028F9D004F124009C
:10E8100002F05AF90028F3D00126F1E72E2E5C46CB
:10E8200072656552544F535C71756575652E630052
:10E830004572726F723A25732C25640D0A00000030
:10E84000F8B5054614480E46C068C068C468201D67
:10E8500001F052F8E069012817D1A0692B4641194F
:10E8600032462046FFF77AFF78B100200346014682
:10E8700000902A46204602F059FA30B907494FF471
:10E88000027201F11800FBF77DFB616A01B02046BE
:10E89000BDE8F04008470000C4010020900C0108CA
:10E8A00070B586B02F4E53E00198002806DADDE9F6
:10E8B0000301029A90470198002849DB039C606994
:10E8C00010B1201D01F018F805A800F0A7F80546C2
:10E8D00001980A283CD2DFE800F00505053B2738FF
:10E8E00005053B270298A169034601442A462046B4
:10E8F000FFF734FF00282BD0616A20468847E06983
:10E90000012825D1002000900298A1690023421817
:10E910001946204602F00AFAD0B940F2213212A17B
:10E9200017A0FBF72FFB13E00298A06128B94FF462
:10E930004E720DA112A0FBF725FBA0692B464119D1
:10E940001A462046FFF70AFF02E0204601F086F84B
:10E9500000231A4601A9306801F0C0FC0028A3D1A9
:10E9600006B070BDC40100202E2E5C467265655253
:10E97000544F535C74696D6572732E630000000020
:10E980004572726F723A25732C25640D0A000000DF
:10E99000F8B50D46064601F039FB684600F03EF832
:10E9A0000446009810B102F0DBF8F8BD1148ADB193
:10E9B00001690968D9B10025311B2A46006801F0B8
:10E9C00003F902F0CDF80028EFD10B494FF0805049
:10E9D0000860BFF34F8FBFF36F8FF8BDA642EBD82F
:10E9E00002F0BEF821463046FFF72AFFF8BD0125A8
:10E9F000E2E70000C401002004ED00E00648416B9E
:10EA0000096829B1416BC968C96849688162704762
:10EA10004FF0FF31FAE700008801002070B505468D
:10EA200001F07EFF064E0446B068844203D200F037
:10EA300009F8012000E0002028602046B46070BD85
:10EA4000C4010020F8B5184E26E0C068C468056807
:10EA5000201D00F051FF616A20468847E0690128C7
:10EA60001AD1A0692844A84206D924616060211DFA
:10EA7000F06800F061FF0FE00020034601460090BF
:10EA80002A46204602F052F930B9084940F2923243
:10EA900001F11800FBF776FAF06801680029D4D17B
:10EAA0003169C6E90310F8BDC4010020900C0108CB
:10EAB00008484068401C05D040F20F1206A111A082
:10EAC000FBF760FA502080F31188BFF34F8FBFF33C
:10EAD0006F8FFEE7D80100202E2E5C4672656552CE
:10EAE000544F535C706F727461626C655C52564433
:10EAF000535C41524D5F434D34465C706F72742ECF
:10EB0000630000004572726F723A25732C25640D04
:10EB10000A000000084CE068016839B1002139B1F1
:10EB20000020FFF735FFFFF7BBFEF4E70121F6E712
:10EB3000C0680068F5E70000C40100202DE9F0413D
:10EB4000044600F01DFF94F9455004F1240610E03E
:10EB5000A06C20B100212046FFF72AFE04E0606A85
:10EB600048B1304601F0B0FF08B101F041F96D1E27
:10EB70006DB2002DECDC4FF0FF3684F8456000F0FC
:10EB80003BFF00F0FDFE94F9445004F1100709E04A
:10EB9000206948B1384601F097FF08B101F028F923
:10EBA0006D1E6DB2002DF3DC84F84460BDE8F041C9
:10EBB00000F022BF012393400288012902D09A432A
:10EBC000028070471A43FBE708B5FDF701FE1C4DB4
:10EBD0001C4F1D4EDFF87490DFF874A0DFF874B09E
:10EBE00000244FF0010800900A21684601F044F823
:10EBF0002878012802D0022803D005E0F6F780FB30
:10EC000002E0002001F08EF83868017C0129EBD188
:10EC100031780029E8D16968B1F57A7FE4DB407882
:10EC20009628E1D986F8008089F800400A488AF8D9
:10EC300000408BF80040047008480470D4E70000DE
:10EC4000185D0020500100200C0200200E02002060
:10EC50000D0200200F02002048020020490200207F
:10EC60002DE9F0410546002601F0D0F9324F386811
:10EC700008B9FFF7B3FCF86805424FD1002D4DD01D
:10EC8000083568070BD005F00700C0F108000544FF
:10EC9000680704D0BF2229A132A0FBF773F9002D29
:10ECA0003CD07868854239D8234910310846046839
:10ECB00001E0214604466068A84202D2206800288C
:10ECC000F7D13868B846844228D00E6820680860BA
:10ECD00060680836401B10280ED96719780704D0E1
:10ECE000EC2216A11FA0FBF74DF96068401B78606D
:10ECF00038466560FFF70CFD6168D8F804004246AD
:10ED0000401AC8F80400D8F80830984200D2906041
:10ED1000D8F80C0001430020C4E9000101F020FFF5
:10ED2000700705D04FF4967204A10EA0FBF72AF9E4
:10ED30003046BDE8F0810000E40100202E2E5C4644
:10ED400072656552544F535C706F727461626C658A
:10ED50005C4D656D4D616E675C686561705F342EFA
:10ED6000630000004572726F723A25732C25640DA2
:10ED70000A0000000449086818B10868026D521CB6
:10ED800002650868704700008801002010B5031F65
:10ED90004FF080741C601B1F21F001011960191FC6
:10EDA000044B0B6014390A60091F6FF002024438EB
:10EDB0000A6010BDB1EA000808B5FDF709FD4F4F24
:10EDC000DFF83C91DFF83CB1DFF83CA14F4D4FF04C
:10EDD00001080026009000246421684600F04CFFE2
:10EDE0004B484068322802DAC7F8A08204E0333882
:10EDF000312801D2C7F8A0622869012802D06869C9
:10EE0000012800D1AE606869022806DB0A2190FB68
:10EE1000F1F201FB120002280AD0A868052809DADD
:10EE2000A868401CA860052804DAC7F8A08205E09D
:10EE3000AE60F5E7052801D1C7F8A062F4F76AF8DB
:10EE4000D9ED000A641C642C30EE200A89ED000A1A
:10EE5000F4DBF0EE400A9FED2F1A5C4680EE810A4B
:10EE60008BED000AFAF736FCDFED2B0A2B4884ED18
:10EE7000000AC9ED000A0078012809D110EE100A35
:10EE8000504505DA2648007810B1264981F80080FF
:10EE90002869012801D1022028616869012801DB65
:10EEA000401C686110EE100A1F49884204DB9FED88
:10EEB0001F0A84ED000A15E010EE100A12494942BB
:10EEC0000844B0F5002F05D22869022802DA401C58
:10EED000286107E010EE100A504503DA686908B9A6
:10EEE000C5F81480F1F768FE687918B1F5F7E2FD0E
:10EEF0006E7170E7FDF7F4FE6DE700000000404220
:10EF00001C0000201800002000002041A00200206A
:10EF1000185D00200000C842000000001802002018
:10EF200019010020050100209A9949419A99494107
:10EF300000B52DED048B83B041EC190BF1F7ECFC1F
:10EF400041EC180B18EE100A18EE901A8DED008B9C
:10EF5000002818BF0120084320F00040C0F17F6066
:10EF600000F1E040C00F14D019EE101A19EE900A0B
:10EF70008DED009B002918BF0121084320F00040BF
:10EF8000C0F17F6000F1E040C00F04BF0120FCF73A
:10EF9000E3FC51EC180B03B0BDEC048B00BD00008A
:10EFA0002DE9FC4100F0ECFC2A480425EF01006843
:10EFB0000024012801D028B10CE000233A4626A104
:10EFC000284803E02C4800233A4627A1CDE9005405
:10EFD00001F06CFC294803264FF480780078012862
:10EFE00002D0022805D00CE00023424624A1274885
:10EFF00003E027480023424621A1CDE9006401F047
:10F0000055FCCDE9006400233A4622A1244801F0D2
:10F010004DFCCDE900640023802222A1244801F0A8
:10F0200045FCCDE900540023424622A1244801F0CA
:10F030003DFCCDE9005400233A4622A1244801F0CA
:10F0400035FC2448006800F06DFEBDE8FC4100F08E
:10F05000D3BC000014020020436865636B5F7461D9
:10F06000736B0000691B000842616C616E63655F31
:10F070007461736B0000000059100008185D0020D7
:10F08000494D555F7461736B0000000071490008C1
:10F090002D3F000873686F775F7461736B00000029
:10F0A000B9ED00086C65645F7461736B000000006B
:10F0B000D5CB0008505354574F5F7461736B0000F9
:10F0C000C9EB0008444154415F7461736B00000058
:10F0D00071C300080000002070B505464FF0FF36F0
:10F0E000304600F0B5F804001CD100F09DF80E4841
:10F0F000016821F0F8010160016841EAC501016081
:10F10000016821F007010160016841F0020101601E
:10F11000016841F480310160304600F099F80446FE
:10F1200000F07AF8204670BD103C02401C4988422D
:10F1300001D2002070471B49884201D2012070474C
:10F140001949884201D2022070471849884201D2E9
:10F15000032070471649884201D2042070471549A0
:10F16000884201D2052070471349884201D2062007
:10F1700070471249884201D20720704710498842DF
:10F1800001D2082070470F49884201D209207047F8
:10F190000D49884201D20A2070470B2070470000B9
:10F1A000004000080080000800C0000800000108BE
:10F1B000000002080000040800000608000008081B
:10F1C00000000A0800000C0800000E0810B500BF7F
:10F1D00000F02AF86420FDF799FA00BF0D48016895
:10F1E00021F007010160016841F005010160642020
:10F1F000FDF78CFA00BF07481030016821F4407118
:10F200000160016841F40071016000BFBDE8104079
:10F2100000F002B8003C02400248016841F00041A1
:10F2200001607047103C024006480068002806DA7A
:10F23000044805490C38016004490160704700BF6B
:10F2400070470000103C024023016745AB89EFCDB9
:10F2500030B5134C0346002122680846D50602D576
:10F260000121052000BF550602D50620491C00BF1C
:10F27000150602D50720491C00BFD20302D5012084
:10F28000491C00BF012901D9022000BF012804D078
:10F29000002B01D100BF082030BD5B1EDBD1F9E798
:10F2A0000C3C02402DE9F0470446A0F100600D46F9
:10F2B000B0F5002F01D2A00703D0092000BFBDE8A0
:10F2C000F087354804EB8206864202D900BF0A2047
:10F2D000F5E7FFF7A9FFDFF8C490D9F8001021F493
:10F2E0000071C9F80010D9F8001021F48061C9F844
:10F2F0000010D9F8001041F40061C9F80010D9F8E5
:10F30000001041F48051C9F8001072B64FF6FF703A
:10F31000FFF79EFF070022D100BFDFF880A0DFF8D3
:10F3200080800AF1100A18E040462F68FFF790FF2E
:10F3300078B9DAF8001021F00701CAF80010DAF8FD
:10F34000001041F00101CAF8001027604046FFF7A5
:10F350007FFF070003D1241D2D1DB442E4D3D9F84B
:10F36000001041F40071C9F80010D9F8001041F400
:10F370008061C9F80010D9F8001021F40061C9F8C3
:10F380000010D9F8001021F48051C9F80010FFF7DF
:10F3900043FF62B6384692E7FFFF0708003C024091
:10F3A000FFFF0F0038B54FF44070F5F769FBA82058
:10F3B000FDF774F9F4F7DEFB4748F6F7A9FC4FF4C4
:10F3C000E134204600F00EF94FF4165000F060F9D9
:10F3D000204600F0B1F9204600F006FAF5F76FFA82
:10F3E0003D4D012468280FD0F4F79CFDEA2815D084
:10F3F000BFF34F8F39480168394A01F4E061114386
:10F400000160BFF34F8FFEE72C70F5F73FFFF6F773
:10F4100003F8FAF71FF9F5F756FA07E0022028700B
:10F42000F5F7CAFAFAF736F9FDF7E4F9F1F7AEFFA6
:10F43000F3F776F8F5F7AAFBF5F75EF82948D0F868
:10F4400000222949002522B1D0F80002012802D06B
:10F4500002E00C6000E00D60F1F77EFDF1F7BCFD0D
:10F4600003230622072101200095F1F7A9FFF6F7F3
:10F4700093FBF3F76DF8F3F7D9F8F3F735F9F3F7F2
:10F4800091F942F20F7453212046F6F7F7FEA721B7
:10F490002046F7F75BF944F29F1400212046F6F767
:10F4A00055FF00212046F7F777FA00212046F6F7AE
:10F4B00041FE00212046F6F78DFEF3F72BFD0B48A9
:10F4C00080ED000A6420FDF705F9F3F7EFF9BDE8D8
:10F4D0003840F3F7FDB90000185D00200CED00E0A6
:10F4E0000400FA050000424214020020AC02002091
:10F4F00030B52B482B4B2C4C90ED020A00222B49A7
:10F50000F0EEC00A10EE905A9D421EDDD0ED000ACA
:10F51000B0EEE01A11EE100AA04216DD20EE200A2D
:10F520000846007AB5EEC00AF1EE10FA03D21E28A2
:10F5300004D2401C01E040B1401E0872087A142831
:10F5400003D38879404288710A72194890ED020A03
:10F55000F0EEC00A10EE905A9D421FDDD0ED000A79
:10F56000B0EEE01A11EE100AA04217DD20EE200ADC
:10F570000E48B5EEC00A407AF1EE10FA03D21E280A
:10F5800005D2401C02E0002808D0401E4872487A8C
:10F59000142803D3C8794042C8714A7230BD0000B4
:10F5A000C85C00208FC2F53D0AD7233D54020020DD
:10F5B000DC5C0020B4EEE00AF1EE10FA02D2B0EE0C
:10F5C000600A7047B4EEC10AF1EE10FAF9DDB0EE50
:10F5D000410A7047884201DA084670479042FCDDD4
:10F5E00010467047F0B50746012187B00846F6F788
:10F5F000C1F801211020F6F7E1F8234E0722092176
:10F600003046F3F719FA07220A213046F3F714FAC5
:10F610004FF4C060049002208DF8140000248DF88F
:10F6200016408DF8150001258DF8175004A93046B5
:10F63000F3F7C6F925208DF818008DF819508DF8CC
:10F640001A408DF81B5006A8F5F7E8F9ADF804400C
:10F65000ADF80640ADF80840ADF80C400C200B4C5E
:10F66000ADF80A00009769462046F8F79DF8012298
:10F6700040F225512046F8F77EF801212046F8F7A0
:10F6800051F807B0F0BD000000000240001001403A
:10F69000F0B5074687B001210820F6F76BF8012185
:10F6A0004804F6F77FF8224E072205213046F3F78B
:10F6B000C3F9072206213046F3F7BEF96020049013
:10F6C00002208DF8140000248DF816408DF81500E6
:10F6D00001258DF8175004A93046F3F771F926205B
:10F6E0008DF818008DF819508DF81A408DF81B50C0
:10F6F00006A8F5F793F9ADF80440ADF80640ADF86B
:10F700000840ADF80C400C200A4CADF80A000097F8
:10F7100069462046F8F748F8012240F22551204674
:10F72000F8F729F801212046F7F7FCFF07B0F0BDF4
:10F73000000C0240004400402DE9F041804688B0B2
:10F7400001210820F6F716F801218804F6F72AF8B7
:10F75000234F072208213846F3F76EF907220921C3
:10F760003846F3F769F902258DF8145000244FF458
:10F7700040708DF8164004908DF8155001268DF8D4
:10F78000176004A93846F3F71BF927208DF81800F5
:10F790008DF819508DF81A408DF81B6006A8F5F702
:10F7A0003DF9ADF80440ADF80640ADF80840ADF8BD
:10F7B0000C400C200B4CADF80A00CDF800806946D7
:10F7C0002046F7F7F1FF012240F225512046F7F7D6
:10F7D000D2FF01212046F7F7A5FF08B0BDE8F08170
:10F7E000000C0240004800402DE9F043814687B0FC
:10F7F00001210420F5F7BEFF01210820F5F7BAFF2B
:10F8000001210805F5F7CEFF2B4F08220C213846C1
:10F81000F3F712F9DFF8A480082202214046F3F73B
:10F820000BF902258DF804500024B8148DF8064019
:10F8300000908DF8055001268DF80760694638461E
:10F84000F3F7BEF88DF8045004208DF806400090C0
:10F850008DF805508DF8076069464046F3F7B0F81B
:10F8600035208DF818008DF819508DF81A408DF854
:10F870001B6006A8F5F7D2F8ADF80C40ADF80E40C5
:10F88000ADF81040ADF814400C200D4CADF812004E
:10F89000CDF8089002A92046F7F786FF012240F232
:10F8A00025512046F7F767FF01212046F7F73AFF79
:10F8B00007B0BDE8F083000000080240000C0240E1
:10F8C000005000400249888008884006FCD57047F7
:10F8D0000010014003490880081F01884906FCD533
:10F8E00070470000044800400249888008884006AC
:10F8F000FCD5704700500040D0E9013201699A60A0
:10F90000D0E901235A604A68824201D182684A6084
:10F91000002202610868401E0860704700F108017B
:10F920004FF0FF32C0E90112C160016100210160A6
:10F93000704700210161704730B50C68621C02D02D
:10F9400000F1080202E0026904E01A4653681D68EB
:10F95000A542FAD953684B6099608A60516008618A
:10F960000168491C016030BD42684A6093688B6041
:10F9700093685960916008610168491C0160704793
:10F98000502080F31188BFF34F8FBFF36F8F094969
:10F990004868401C486001280AD10748006810F0F8
:10F9A000FF0F05D040F2B91204A10FA0FAF7EABA8E
:10F9B00070470000D801002004ED00E02E2E5C46C8
:10F9C00072656552544F535C706F727461626C65FE
:10F9D0005C525644535C41524D5F434D34465C701B
:10F9E0006F72742E630000004572726F723A257355
:10F9F0002C25640D0A00000010B5084C606828B979
:10FA00004FF4E07206A111A0FAF7BCFA6068401E3C
:10FA1000606001D180F3118810BD0000D801002082
:10FA20002E2E5C4672656552544F535C706F727433
:10FA300061626C655C525644535C41524D5F434D6C
:10FA400034465C706F72742E630000004572726FF2
:10FA5000723A25732C25640D0A00000070B5002849
:10FA60002AD0164DA0F108046068E968084205D163
:10FA70004FF4A07212A11CA0FAF784FA206828B1F2
:10FA800040F241120EA118A0FAF77CFA6068E9680A
:10FA9000084211D02268002A0ED18843606000F02D
:10FAA000B5FA60686968084468602046FEF730FE71
:10FAB000BDE8704001F054B870BD0000E4010020C2
:10FAC0002E2E5C4672656552544F535C706F727493
:10FAD00061626C655C4D656D4D616E675C6865610A
:10FAE000705F342E630000004572726F723A2573A6
:10FAF0002C25640D0A00000006484FF47A71006856
:10FB0000B0FBF1F14FF0E020491E41610721016196
:10FB1000704700000400002010B5F0F797FB104C70
:10FB200010280CD300F1E02090F8F00321788842EF
:10FB300005D24FF440720BA115A0FAF723FA18482A
:10FB40000068A16800F4E060884207D9BDE8104071
:10FB50004FF4447203A10EA0FAF714BA10BD0000CE
:10FB6000D80100202E2E5C4672656552544F535CBE
:10FB7000706F727461626C655C525644535C4152A2
:10FB80004D5F434D34465C706F72742E630000000D
:10FB90004572726F723A25732C25640D0A000000BD
:10FBA0000CED00E010B5074B002253F832401CB1B9
:10FBB000521C082AF9D310BD43F8321003EBC201DE
:10FBC000486010BD7009002070B515460E46044609
:10FBD000FFF7D6FE94F944100020491C01D184F8A7
:10FBE000440094F94510491C01D184F84500FFF701
:10FBF00003FFA06B28B92A46314604F1240000F027
:10FC000027F92046BDE87040FEF798BF10B5040004
:10FC100012D00E49096B29B140F2CF420CA111A0BC
:10FC2000FAF7B0F900F0F2F900212046FEF790FB58
:10FC300000F096FF002807D10E494FF08050086071
:10FC4000BFF34F8FBFF36F8F10BD000088010020FE
:10FC50002E2E5C4672656552544F535C7461736B13
:10FC6000732E63004572726F723A25732C25640DF2
:10FC70000A00000004ED00E02DE9F0410E46050009
:10FC80004FF0000405D140F279421BA11FA0FAF702
:10FC900079F92EB940F27A4217A11CA0FAF772F94D
:10FCA0001E4F386B28B140F27B4213A117A0FAF720
:10FCB00069F900F0ABF9FA6828688119904202D915
:10FCC000884202D804E0884201D8914200D9012438
:10FCD00029601CB1881A0021FEF73AFB00F040FFB2
:10FCE000002807D10E494FF080500860BFF34F8FB6
:10FCF000BFF36F8FBDE8F0812E2E5C4672656552B2
:10FD0000544F535C7461736B732E63004572726F52
:10FD1000723A25732C25640D0A000000880100202A
:10FD200004ED00E070B50446FFF72AFE234D04B948
:10FD30002C68201DFFF7E0FD58B9E06A204A00EB6F
:10FD4000800152F8211021B901218140286988439E
:10FD50002861A06A18B104F11800FFF7CDFD686AA8
:10FD6000401C68622868844207D1211D1548FFF7AE
:10FD7000FBFD6868401C686007E0A868401EA8603A
:10FD80002046FEF720FCFEF739FEFFF735FE6869D6
:10FD9000002812D0286884420FD1286B28B140F285
:10FDA000654209A10DA0FAF7EDF810494FF0805017
:10FDB0000860BFF34F8FBFF36F8F70BD88010020C5
:10FDC000B00900206C0C00202E2E5C467265655236
:10FDD000544F535C7461736B732E63004572726F82
:10FDE000723A25732C25640D0A00000004ED00E032
:10FDF00001490120C86170478801002070B50D4697
:10FE0000040005D140F6063207A10CA0FAF7BAF8B3
:10FE10000E48016820461831FFF78EFD2846BDE8E0
:10FE200070400121FEF794BA2E2E5C467265655231
:10FE3000544F535C7461736B732E63004572726F21
:10FE4000723A25732C25640D0A00000088010020F9
:10FE500070B514460E46050005D140F6313209A1B1
:10FE60000DA0FAF78FF81048016828461831FFF7FF
:10FE70007BFD0CB14FF0FF3621463046BDE87040A7
:10FE8000FEF766BA2E2E5C4672656552544F535C7F
:10FE90007461736B732E63004572726F723A2573CF
:10FEA0002C25640D0A0000008801002070B50400B4
:10FEB00039D01D4DE06A2968C96A884233D2A069E9
:10FEC000002804DB2868C06AC0F12000A061E06A55
:10FED000164E00EB8000616906EB800081421FD165
:10FEE000201DFFF709FD012150B9E06A00EB8002F7
:10FEF00056F8222022B92A6901FA00F082432A61C9
:10FF00002868C06AE0622A6981401143296100EBD8
:10FF1000800006EB8000211DBDE87040FFF724BD86
:10FF20002868C06AE06270BD88010020B009002026
:10FF300010B5040005D140F6C13205A109A0FAF7B9
:10FF400021F80C48016A2160C068606010BD0000A3
:10FF50002E2E5C4672656552544F535C7461736B10
:10FF6000732E63004572726F723A25732C25640DEF
:10FF70000A000000880100201CB517480024CDE9C4
:10FF800000402346822215A1164800F08FFC01286C
:10FF900003D100F091FE01280AD0401C1BD102B011
:10FFA00040F28472BDE810400FA114A0F9F7EABF37
:10FFB000502080F31188BFF34F8FBFF36F8F064837
:10FFC0004FF0FF312C38816201214161C460BDE8EE
:10FFD0001C4000F0A7B81CBDB401002049444C45AA
:10FFE0000000000029E600082E2E5C46726565526E
:10FFF000544F535C7461736B732E63004572726F60
:020000040801F1
:10000000723A25732C25640D0A0000000248016B2A
:10001000491C0163704700008801002070B5134D32
:10002000286B10B10120E86170BD0020E8612869EB
:100030000F4EB0FA80F0C0F11F0000EB800456F8BC
:10004000240028B940F6F6220AA10FA0F9F79AFF7A
:1000500006EB840000F10802416849684160914262
:1000600001D149684160C868286070BD88010020DE
:10007000B00900202E2E5C4672656552544F535CC9
:100080007461736B732E63004572726F723A2573DD
:100090002C25640D0A00000010EE100A1049F2EE43
:1000A000030A88421ADB10EE100A0E49884211DC5E
:1000B00030EE600A9FED0C1AC0EE010A9FED0B1A9C
:1000C000B6EE000A00EE810ABDEEC00A10EE100A7C
:1000D000642801DD642070470028FCDC00207047A4
:1000E0000000184133334341CCCC2C400000C842BF
:1000F000DFED0B0AB7EE000A01290AD032280CD82E
:10010000C0F1320001EE100AB8EE411A01EE200AE9
:100110007047322801D33238F4E7B7EE000A70474F
:100120006F12833B1CB5304C20683049884205D1A2
:1001300040F259122EA139A0F9F724FF20682B496B
:10014000491E884205D14FF4AD7229A133A0F9F7B9
:1001500019FF364C20780190FF20207020788DF810
:1001600000009DF800009DF8001000F0F0008842AB
:1001700005D040F273121EA128A0F9F703FF9DF8E5
:1001800000002B4A00F0500010700720906007E03C
:100190009068401E90609DF8000040008DF80000BF
:1001A0009DF800000006F3D4107A000200F4E0602D
:1001B0009060019820700C482030016841F4700173
:1001C0000160016841F070410160FFF795FC00207B
:1001D0005060F0F703F81748016841F040410160B2
:1001E000EFF7ECFF00201CBD00ED00E071C20F41F5
:1001F0002E2E5C4672656552544F535C706F72745C
:1002000061626C655C525644535C41524D5F434D94
:1002100034465C706F72742E630000004572726F1A
:10022000723A25732C25640D0A00000000E400E0FA
:10023000D801002034EF00E010B5502080F3118881
:10024000BFF34F8FBFF36F8F00F070FB18B10449FD
:100250004FF080500860002080F3118810BD00002E
:1002600004ED00E02DE9F04117460E46050005D1EA
:100270004FF4C47210A115A0F9F784FEBEB105FBBE
:1002800006F05430FEF7ECFC04000ED004F15400EC
:100290007EB12060C4E90F562046012100F0E0F84D
:1002A00084F8507000212046A164BDE8F081002050
:1002B000E7E72460EEE700002E2E5C46726565528B
:1002C000544F535C71756575652E63004572726F8E
:1002D000723A25732C25640D0A0000002DE9FF4FAA
:1002E00083B09B468A4604004FF0000605D140F2D9
:1002F000DC4251A155A0F9F745FEBAF1000F07D134
:10030000206C28B140F2DD424BA150A0F9F73AFE33
:1003100000F0F8FA38B9059828B14FF49C6246A16C
:100320004AA0F9F72FFE4FF000094FF08057DFF891
:100330002C81FFF725FBA56B45B351462046E668A7
:10034000FEF7F8F8BBF1000F13D0E660606A50B119
:1003500004F1240000F0B8FB28B1C8F80070BFF326
:100360004F8FBFF36F8FFFF747FB012007B0BDE84A
:10037000F08F6D1EA563206810B9FEF7FBFC60606E
:1003800020690028EFD004F11000E3E7059808B1D8
:100390001EB106E0FFF730FB27E06846FFF7C8FD17
:1003A0000126FFF729FBFFF731FEFFF7E9FA94F981
:1003B0004400401C01D184F8449094F94500401C4D
:1003C00001D184F84590FFF717FB05A9684600F0B6
:1003D00029FA002820460AD0FEF7B0FB00F0C0FB47
:1003E0002046FEF7D7F90028A3D00020BEE7FEF78D
:1003F000D1F9D8B1206830B9FFF7C2FA6068FFF7C9
:1004000055FDFFF7F9FA04F124000599FFF7F6FC12
:100410002046FEF793FB00F0A3FB002889D1C8F823
:100420000070BFF34F8FBFF36F8F82E72046FEF758
:1004300085FB00F095FB7CE72E2E5C4672656552CD
:10044000544F535C71756575652E63004572726F0C
:10045000723A25732C25640D0A00000004ED00E0BB
:1004600070B50D46040005D140F21B121CA121A05D
:10047000F9F788FDFFF784FAD4E90F20216802FB21
:10048000001161600021A1632168A1600A46D4E9DE
:100490000F01401E00FB0121E16021464FF0FF30BB
:1004A00001F8440F487004F110004DB1FFF736FA1F
:1004B00004F12400FFF732FAFFF79EFA012070BD25
:1004C00021690029F8D000F0FFFA0028F4D00D4986
:1004D0004FF080500860BFF34F8FBFF36F8FEBE793
:1004E0002E2E5C4672656552544F535C717565756E
:1004F000652E63004572726F723A25732C25640D68
:100500000A00000004ED00E02DE9FF4F83B099469A
:100510008B4604004FF0000605D140F2D92252A1CB
:1005200056A0F9F72FFDBBF1000F07D1206C28B1C1
:1005300040F2DA224CA151A0F9F724FDB9F1020FE3
:1005400008D1E06B012805D040F2DB2246A14BA088
:10055000F9F718FD00F0D6F938B9059828B140F23E
:10056000DE2241A145A0F9F70DFD4FF0000A4FF042
:100570008057DFF81881FFF703FAA06BE16B884220
:1005800006D3B9F1020F03D0059800B316B325E0E6
:100590004A4659462046FDF7E0FFA16C21B1494685
:1005A0002046FEF705F905E0616A19B104F124005F
:1005B00000F08AFA28B1C8F80070BFF34F8FBFF37C
:1005C0006F8FFFF719FA012007B0BDE8F08FFFF732
:1005D00013FA21E06846FFF7ABFC0126FFF70CFA9F
:1005E000FFF714FDFFF7CCF994F94400401C01D14A
:1005F00084F844A094F94500401C01D184F845A03A
:10060000FFF7FAF905A9684600F00CF930B1204669
:10061000FEF794FA00F0A4FA0020D5E7FFF7B0F94E
:10062000A06BE16B884201D1012500E00025FFF7B6
:10063000E3F995B104F110000599FFF7DFFB2046BF
:10064000FEF77CFA00F08CFA002894D1C8F800700C
:10065000BFF34F8FBFF36F8F8DE72046FEF76EFA23
:1006600000F07EFA87E700002E2E5C467265655228
:10067000544F535C71756575652E63004572726FDA
:10068000723A25732C25640D0A00000004ED00E089
:100690002DE9F047984615468946040005D140F2F9
:1006A0009F322AA12EA0F9F76DFCB9F1000F07D1F6
:1006B000206C28B14FF4687224A129A0F9F762FCDC
:1006C000B8F1020F08D1E06B012805D040F2A13249
:1006D0001EA123A0F9F756FCFFF71EFA5020EFF3F6
:1006E000118780F31188BFF34F8FBFF36F8FA06B1B
:1006F000E16B884207D3B8F1020F04D0002087F3E2
:100700001188BDE8F08794F9456042464946204685
:10071000FDF723FF701C04D0761C84F8456001208F
:10072000EDE7A06C012620B141462046FEF740F8D7
:1007300006E0606A0028F2D004F1240000F0C4F959
:100740000028ECD0002DEAD02E60E8E72E2E5C4683
:1007500072656552544F535C71756575652E630003
:100760004572726F723A25732C25640D0A000000E1
:100770002DE9F04790468946040005D14FF4B46254
:100780001FA124A0F9F7FEFBB9F1000F07D1206CDF
:1007900028B140F2A1521AA11EA0F9F7F3FBFFF70E
:1007A000BBF95020EFF3118780F31188BFF34F8F0F
:1007B000BFF36F8FA66BF6B194F9445049462046BB
:1007C000FDF7B8FE761EA663681C04D06D1C84F885
:1007D0004450012010E020690028FAD004F11000F4
:1007E00000F072F90028F4D0B8F1000FF1D0012127
:1007F000C8F80010EDE7002087F31188BDE8F08706
:100800002E2E5C4672656552544F535C717565754A
:10081000652E63004572726F723A25732C25640D44
:100820000A00000070B50D46040005D140F6CB3239
:1008300014A119A0F9F7A6FB2DB940F6CC3211A1ED
:1008400015A0F9F79FFBFFF79BF8174AD0682968B6
:100850004B1C0FD02368126A934202D06268824216
:100860000AD96268801A884206D2081A286020468F
:10087000FFF75EFB002400E00124FFF7BDF82046EF
:1008800070BD00002E2E5C4672656552544F535C5D
:100890007461736B732E63004572726F723A2573C5
:1008A0002C25640D0A000000880100202DE9FF5F5F
:1008B0008346DDE90E87994616468A469000FEF784
:1008C000CFF905001AD05C20FEF7CAF9040012D057
:1008D00025630021CDE90241CDE900874B46324630
:1008E00051465846FDF7B4FE2046FDF769FD01204C
:1008F00004B0BDE8F09F2846FFF7B0F84FF0FF3096
:10090000F6E700000548416919B1006B18B10020F5
:1009100070470120704702207047000088010020C6
:100920000148C06870470000880100202DE9F041AF
:100930002D4F0026386B40B1B869401CB861F8698A
:1009400000B101263046BDE8F081FD686D1CFD60F8
:1009500011D1786B006828B140F6D91223A128A0E4
:10096000F9F710FB786BB96B7963B863386A401C90
:100970003862FEF743F8B86ADFF89480854209D3FD
:10098000786B006880B1786BC068C4686068854225
:100990000DD2B8623868C06A00EB800158F82100B7
:1009A0000128CCD90126CAE74FF0FF30F1E7201D1E
:1009B000FEF7A2FFA06A18B104F11800FEF79CFF31
:1009C000E06A01213A6981401143396100EB8001FD
:1009D00008EB8100211DFEF7C7FFE06A3968C96A8C
:1009E0008842CDD30126CBE7880100202E2E5C461D
:1009F00072656552544F535C7461736B732E630060
:100A00004572726F723A25732C25640D0A0000003E
:100A1000B009002070B504004FF000063CD01F4D17
:100A20002868844205D040F6C7621DA121A0F9F7CD
:100A3000A9FA206D28B940F6C96219A11DA0F9F7DD
:100A4000A1FA206D401E2065E26CE16A914223D03C
:100A500010BB201DFEF750FF1A49012250B9E06A71
:100A600000EB800351F8233023B92B6902FA00F020
:100A700083432B61E06CE062C0F12000A061E06A7A
:100A80002B6982401A432A6100EB800001EB800051
:100A9000211DFEF769FF0126304670BD8801002048
:100AA0002E2E5C4672656552544F535C7461736BB5
:100AB000732E63004572726F723A25732C25640D94
:100AC0000A000000B00900202DE9F041C068C468A8
:100AD0002CB940F6613216A11AA0F9F753FA04F1C5
:100AE00018000746FEF708FF1A4D286B012660B173
:100AF00039461948FEF738FFE06A2968C96A884212
:100B000013D90120EE61BDE8F081201DFEF7F4FE4F
:100B1000E06A2A6906FA00F1114329610F4900EBE6
:100B2000800001EB8000211DE4E70020EBE70000DE
:100B30002E2E5C4672656552544F535C7461736B24
:100B4000732E63004572726F723A25732C25640D03
:100B50000A00000088010020580C0020B009002085
:100B60002DE9F0472B4D00242746286B28B94FF478
:100B7000FD6229A12DA0F9F705FAFEF701FF286B08
:100B8000401E2863286BE8BBA8682C490126C8B31F
:100B9000A1F52A798846D8F80010E9B1D8F80C00F8
:100BA000C46804F11800FEF7A7FE201DFEF7A4FE9E
:100BB000E06A2A6906FA00F11143296100EB80011D
:100BC00009EB8100211DFEF7CFFEE06A2968C96AA2
:100BD0008842E0D3EE61DEE70CB1FDF70FFFAC69B0
:100BE0003CB1FFF7A3FE00B1EE61641EF9D1002015
:100BF000A861E86930B11249012738070860BFF3DE
:100C00004F8F00E001E0BFF36F8FFEF7F5FE38462F
:100C1000BDE8F087880100202E2E5C467265655283
:100C2000544F535C7461736B732E63004572726F23
:100C3000723A25732C25640D0A000000580C002020
:100C400004ED00E02DE9F0470746994616460D46AB
:100C50002C20DDF820A0FEF703F8040014D0B846DD
:100C60004F46D1462DB94FF4C67209A10EA0F9F72F
:100C700089F9FDF70DFC04F11801C4F8008081E842
:100C8000E002201DFEF755FE2046BDE8F08700007B
:100C90002E2E5C4672656552544F535C74696D65C7
:100CA00072732E63000000004572726F723A2573F2
:100CB0002C25640D0A0000001CB50024FDF7E8FB9C
:100CC0000C48006868B10B491F20091DCDE90001DF
:100CD00000234FF4827208A10948FFF7E7FD0400E2
:100CE00005D140F2331207A10CA0F9F74BF92046C9
:100CF0001CBD0000C4010020546D722053766300B7
:100D000015EB00082E2E5C4672656552544F535CFD
:100D100074696D6572732E63000000004572726F16
:100D2000723A25732C25640D0A0000002DE9FF4757
:100D3000DDF830A0994690460D4606004FF00007BA
:100D400005D14FF4D37212A117A0F9F71BF91A4C71
:100D5000206880B1CDE900580296062D11DAFFF720
:100D6000D1FD02284FF0000309D000226946206817
:100D7000FFF7CAFB074604B03846BDE8F087524685
:100D8000F4E700234A466946FFF782FCF2E70000D9
:100D90002E2E5C4672656552544F535C74696D65C6
:100DA00072732E63000000004572726F723A2573F1
:100DB0002C25640D0A000000C40100200000000082
:100DC0000000000000000000000000003F400000A4
:100DD0000000000000003000400030004000000033
:100DE00009000BC03D000BC03D00090018C02440A5
:100DF0007FE0224031800000180024C01B000D80DD
:100E00003240018003801C4027401C800740004086
:100E10001000600000000000000000000000000062
:100E200000001F80204040200000402020401F8004
:100E300000000000090006001F80060009000000F5
:100E4000040004003F800400040000000010006063
:100E50000000000000000000040004000400040082
:100E6000040000000000004000000000000000003E
:100E7000002001C006003800400000001F80204014
:100E8000204020401F800000000010403FC0004074
:100E90000000000018C021402240244018400000FB
:100EA00010802040244024401B80000002000D00E0
:100EB00011003FC0014000003C80244024402440F9
:100EC000238000001F802440244034400380000021
:100ED0003000200027C03800200000001B80244084
:100EE000244024401B8000001C0022C022402240DD
:100EF0001F8000000000000008400000000000000B
:100F00000000000004600000000000000000040079
:100F10000A00110020804040090009000900090072
:100F20000900000000004040208011000A00040079
:100F30001800200023402400180000001F802040DB
:100F4000274029401F400000004007C039000F0023
:100F500001C0004020403FC0244024401B800000CE
:100F60001F802040204020403080000020403FC0B3
:100F7000204020401F80000020403FC024402E40E1
:100F800030C0000020403FC024402E003000000050
:100F90000F001080204022403380020020403FC0DC
:100FA000040004003FC02040204020403FC02040BB
:100FB000204000000060202020203FC020002000B2
:100FC00020403FC024400B0030C0204020403FC0A4
:100FD00020400040004000C03FC03C0003C03C0037
:100FE0003FC0000020403FC00C4023003FC0200015
:100FF0001F802040204020401F80000020403FC034
:1010000024402400180000001F802140214020E0DF
:101010001FA0000020403FC02440260019C000400F
:1010200018C024402440224031800000300020407D
:101030003FC020403000000020003F8000400040C2
:101040003F80200020003E0001C007003800200043
:10105000380007C03C0007C038000000204039C0FD
:10106000060039C0204000002000384007C038404A
:1010700020000000304021C02640384020C0000041
:10108000000000007FE040204020000000007000D1
:101090000C000380004000000000402040207FE062
:1010A00000000000000020004000200000000000C0
:1010B00000100010001000100010001000000000D0
:1010C00040000000000000000000028005400540D4
:1010D00003C0004020003FC00440044003800000E3
:1010E000000003800440044006400000000003802C
:1010F000044024403FC000400000038005400540FC
:1011000003400000000004401FC024402440200091
:10111000000002E0055005500650042020403FC06A
:101120000440040003C000400000044027C0004009
:101130000000000000100010041027E00000000074
:1011400020403FC00140070004C004402040204030
:101150003FC000400040000007C0040007C004007A
:1011600003C00000044007C00440040003C0004066
:10117000000003800440044003800000041007F0D6
:101180000450044003800000000003800440045029
:1011900007F00010044007C00240040004000000F3
:1011A000000006400540054004C0000000000400A7
:1011B0001F800440004000000400078000400440FD
:1011C00007C000400400070004C0018006000400BE
:1011D000060001C0070001C006000000044006C070
:1011E000010006C0044000000410071004E0018064
:1011F000060004000000044005C006400440000052
:101200000000000004007BE040200000000000001F
:101210000000FFF000000000000040207BE0040020
:10122000000000004000800040002000200040003E
:1012300000000000000000000000000000000000AE
:101240000000000000001FCC000C000000000000A7
:10125000000008003000600008003000600000005E
:10126000022003FC1E20022003FC1E20022000009E
:1012700000000E1811043FFF10840C7800000000DD
:101280000F0010840F3800C0077818840078000021
:1012900000780F8410C411240E9800E40084000824
:1012A000080068007000000000000000000000005E
:1012B00000000000000007E01818200440020000B1
:1012C000000040022004181807E0000000000000A1
:1012D0000240024001800FF0018002400240000005
:1012E0000080008000800FF80080008000800000F7
:1012F0000001000D000E00000000000000000000D2
:10130000000000800080008000800080008000805D
:101310000000000C000C00000000000000000000B5
:101320000000000600180060018006001800200080
:10133000000007F0080810041004080807F0000077
:101340000000080408041FFC000400040000000062
:1013500000000E0C10141024104411840E0C000018
:1013600000000C1810041104110412880C70000005
:10137000000000E00320042408241FFC00240000D7
:1013800000001F98108411041104108810700000D0
:10139000000007F00888110411041888007000008C
:1013A00000001C00100010FC13001C0010000000C6
:1013B00000000E3811441084108411440E380000CF
:1013C00000000700088C10441044088807F0000053
:1013D000000000000000030C030C000000000000EF
:1013E00000000000000101060000000000000000F5
:1013F00000000080014002200410080810040000D2
:1014000002200220022002200220022002200000EE
:1014100000001004080804100220014000800000B1
:1014200000000E001200100C106C10800F00000065
:1014300003E00C1813E4142417C4082807D0000094
:101440000004003C03C41C40074000E4001C0004EE
:1014500010041FFC1104110411040E880070000018
:1014600003E00C1810041004100410081C100000F5
:1014700010041FFC100410041004080807F00000FA
:1014800010041FFC1104110417C4100408180000F4
:1014900010041FFC1104110017C010000800000008
:1014A00003E00C181004100410441C7800400000E5
:1014B00010041FFC10840080008010841FFC1004A6
:1014C0000000100410041FFC1004100400000000B1
:1014D00000030001100110011FFE100010000000A9
:1014E00010041FFC110403801464181C1004000075
:1014F00010041FFC1004000400040004000C000091
:1015000010041FFC1F0000FC1F001FFC1004000043
:1015100010041FFC0C04030000E010181FFC100056
:1015200007F00808100410041004080807F0000071
:1015300010041FFC10841080108010800F00000029
:1015400007F0081810241024101C080A07F20000E5
:1015500010041FFC1104110011C011300E0C000406
:1015600000000E1C11041084108410441C3800006C
:101570001800100010041FFC1004100018000000D8
:1015800010001FF810040004000410041FF81000DD
:1015900010001E0011E0001C007013801C001000E1
:1015A0001FC0103C00E01F0000E0103C1FC0000006
:1015B0001004180C163401C001C01634180C1004A5
:1015C00010001C00130400FC13041C001000000099
:1015D0000804101C1064108413041C04101800006C
:1015E0000000000000007FFE4002400240020000B8
:1015F000000030000C0003800060001C00030000AD
:1016000000004002400240027FFE00000000000097
:1016100000000000200040004000400020000000CA
:1016200000010001000100010001000100010001B2
:10163000000040004000200000000000000000000A
:1016400000000098012401440144014400FC00040E
:1016500010001FFC008801040104008800700000D5
:1016600000000070008801040104010400880000EB
:101670000000007000880104010411081FFC000430
:10168000000000F8014401440144014400C8000086
:101690000000010401040FFC1104110411001800E2
:1016A000000000D601290129012901C90106000015
:1016B00010041FFC008401000100010400FC000470
:1016C00000000104190419FC0004000400000000DB
:1016D0000000000300010101190119FE00000000D3
:1016E00010041FFC0024004001B4010C01040000A0
:1016F0000000100410041FFC00040004000000009F
:10170000010401FC0104010001FC0104010000FCD2
:10171000010401FC008401000100010400FC00043C
:10172000000000F8010401040104010400F80000B5
:10173000010101FF00850104010400880070000020
:1017400000000070008801040104010501FF000190
:101750000104010401FC0084010401000180000077
:10176000000000CC01240124012401240198000080
:1017700000000100010007F801040104000000005E
:10178000010001F8000400040004010801FC000449
:10179000010001800170000C001001600180010057
:1017A00001F0010C003001C00030010C01F001001B
:1017B00000000104018C00740170018C0104000020
:1017C000010101810171000E00180160018001001A
:1017D00000000184010C013401440184010C00006B
:1017E000000000000000000001003EFC400240023A
:1017F0000000000000000000FFFF000000000000EB
:101800000000400240023EFC010000000000000019
:1018100000006000800080004000400020002000A8
:10182000B5A51010082004483FFC210821083FF806
:10183000210821083FF821000104FFFE01000100FA
:101840000100BBF70100010001087FFC010001005D
:1018500001000104FFFE0100010021082108210808
:101860003FF82008D3C300083FFC210821082108C5
:101870003FF82108210821083FF821082108210804
:10188000410841288010BBA70100008000843FFE72
:101890002004200420043FFC20042000200020001D
:1018A0002000400040008000B0B410401020100024
:1018B00013FEFA02144410403FFED088108811082D
:1018C000109010601050508C2304BCFC2010271086
:1018D000397C411482FE7A14247C2710F97C211073
:1018E000251422FE2A1035102896007CC8B7004027
:1018F0000440FE781090112423FE25247D24A5FCAD
:101900002524252425FC25243D242224040CC8CF8D
:10191000004040403040104000400040F0A010A087
:1019200010A01110111015101A081208040608044E
:10193000BFAA00087FFC08200820082008200824EF
:10194000FFFE08200820082008201020102020205A
:101950004020CABC1040104010401080FC88250474
:1019600027FE2402240449FE290411042904450405
:1019700085FC0104B5E302000200020803FC02003A
:1019800002103FF82010201020103FF00000291016
:1019900024C844448004BCCC1020122022202324DC
:1019A0004AACFA70122023FC4220FA7042AC0324A5
:1019B0001A20E22443FE0000D0F81040105023F813
:1019C00020404840FFFC112420A84220F92407FEB3
:1019D00000401C60E090410C0204CBAB000000040E
:1019E000FDFE04844484448428882848104810500C
:1019F0002820283044504488810E0604CDCB03F8BB
:101A00004208320813F802080208F3FC120812D048
:101A100012201290130C12042800440603FCB3F6A3
:101A20000100010021082108210821083FF82108B0
:101A30000100410441044104410441047FFC40048D
:101A4000D7AA104010401048FDFC204028444BFE0F
:101A50007C80088009FC1C08E81048900860082079
:101A60000810B6AF004008407C40004405FEFE442C
:101A700010441044204424444284FE844104010460
:101A800002280410B5E70200020002107FF842109D
:101A900042107FF0421042107FF042100200020418
:101AA000020401FC0000CEBB08800840084010087A
:101AB00017FC30005208920811101110109010A05D
:101AC00010241FFE10001000C6F73EF8228822885E
:101AD00022883EF801200114FFFE02800C603018BD
:101AE000FEFE2288228822883EF8BCDC1000100806
:101AF0007EFC1288128812882AF844800104FFFEB6
:101B0000038005400920111C61080100BFD50200B7
:101B100001007FFE400284440C30101820080000B1
:101B20003FF80100010001000104FFFE0000C2D6E1
:101B30001040104020A0FCA021105108520EFD04BE
:101B4000111011301DC0F1005104110410FC1000DF
:101B5000B3B5020002087FFC040009001100212037
:101B60003FF001000104FFFE01000100010001003F
:101B70000100BAF3001000783F80200020043FFEEF
:101B80002000200827FC24082408240844084408CE
:101B900087F80408B8DF02000104FFFE00001FF010
:101BA000101010101FF000047FFE40044FE4482482
:101BB00048244FE4400CCBD90040404437FE10404D
:101BC00007FC0444F44417FC144410E01158124874
:101BD0001440284647FC0000BDF80220422022287D
:101BE0002FFC02200220E22022282FFC222022208B
:101BF0002220242050268FFC0000C8EB04000200A5
:101C000001000100010002800280028004400440C3
:101C10000820082010102010400E8004BBFA10008D
:101C2000101011F81110FD1011103110391055104D
:101C300051109110111011121212140E1800BBCE77
:101C400000083FFC20083FF820083FF80100111071
:101C50000924FFFE04400440044008421042603E54
:101C6000B9DB000801FC7D0805284528292829281A
:101C7000114811482948256844A080A00122062265
:101C8000181EB2EC020001007FFE48028EF4129092
:101C90002C60682017D0200E5FF4810009201118F5
:101CA00025080200CAFD084049402A400884FFFE7A
:101CB00019082C884A881088FE902250222014503F
:101CC0001888250E4204BEDD100413FE120412040F
:101CD000FFFC122016241BFE3220D22413FE150412
:101CE0001504150459FC2104C1F900000400020088
:101CF00003000104FFFE0000000004400C20081057
:101D00001018100C200C40040000C2B704407E40A4
:101D100044FC4588465044207C50508E13045DFEA0
:101D20005104510451045D04E1FC0104B6E608408D
:101D300010203C0025FE35022E042480FC882490CF
:101D400034A02CC0248024844484947C0800BCC625
:101D5000004020401040104000400044F7FE10407A
:101D600010401040104012401440184010400040F5
:101D7000B7E41080108010FC15887E50542054DE8B
:101D8000572454F87C2051FC14201DFCE4204020F2
:101D90000020C3F9004008887DFC490849484908EB
:101DA00049284910490449FE7804482407F40004EE
:101DB00000140008B9D810100818042004487FFC4B
:101DC000010001000104FFFE0100028002800440C6
:101DD0000830300EC004B2A6104010501248124015
:101DE000FFFE1080148018F811083190D250122094
:101DF00014501888510E2204CAB9104010441FFE16
:101E0000204027FC6444A444244427FC244422406A
:101E1000218020C02130260E2804C4DC10801088C8
:101E2000249844A0FEC002847C84447C7C004488C6
:101E300044987CA044C044825482487EC0B60820A6
:101E40000824FFFE0820049024F8250026402420C2
:101E500004083FFC244824482448FFFE0000D1C069
:101E600000087FFC004010401040204020447FFECE
:101E700001400240044008403040C0400140008022
:101E8000B7A201001120111021047FFE0200020000
:101E900007F006100A2009401080214042308C0EC5
:101EA0003004CBCD0208411030A017FC00400040A8
:101EB000F0441FFE10401040108010A011182A0896
:101EC000440603FCBDD31080104817FC1000FD1021
:101ED00010A017FC18803084DFFE1090111010A0A5
:101EE000106050982308CAD508800880088048846C
:101EF00048FE490849884A88488858506850482010
:101F000008500888090E0E04B5C410401040224441
:101F10007F7E42844304420442847E64422442041D
:101F2000420442047E0442280010A3BA00000000CC
:101F3000000000000000000006000F000F00060077
:101F4000000006000F000F0006000000A1A1000025
:101F50000000000000000000000000000000000081
:101F60000000000000000000000000000000C4A30A
:101F7000111011141FFE1110FD1813FC32083BF84C
:101F8000560853F890401FFE104010B0110E160472
:101F9000CABD008000A000900084FFFE0080008089
:101FA0003E8008800840084009200E227012200A56
:101FB0000004C7EB004847FC204023F80040EFFE38
:101FC000200823FC220823F8220823F82A083208D4
:101FD00022280210CDD300407C20440049FE490253
:101FE000520448804888449044E04480688050828D
:101FF0004082407E4000C2DD100411FE112415FC19
:102000007F2455FC5420544855F07C2451FC142066
:102010001CA8E52642A20040D2C708000880086438
:1020200012241204320851089110109010A0104090
:1020300010A011101208140E1804BAEC10001008A9
:1020400023FC20204420F820102020204020FC20C9
:10205000402000201C20E02447FE0000B5C61000F0
:10206000100417FE102054205820502090201020DB
:102070001020102028202420442080A00040B3A35A
:102080000100111009207FFE40028FE408200FE0BC
:1020900001101FF811101110111011500120010032
:1020A000C1C101087FFC00101FF8101010101FF0B4
:1020B00000007FFE40228FF4082008200822102212
:1020C000601ED0A1010001000100010001000540D7
:1020D0000520091009081104210441000100010034
:1020E00005000200CFDF0840085010481040227C55
:1020F0007FC00844107E23C07C48005000201C6034
:10210000E092430A0006C1AC008040882FFC210009
:1021100001400250E7F82040204020482FFC20409A
:10212000204050468FFC0000C5D4020001087FFC0F
:10213000082004407FFE420281047FFC040007F077
:1021400004100810081010A06040B1DF008020804B
:102150001080108807FC0088F0881088110811088A
:10216000110812501420280647FC0000B4AE0100EC
:1021700001083FFC210821083FF8010001047FFE0F
:10218000410441047FFC4104010001000100BFDA69
:10219000000000083FFC2008200820082008200834
:1021A00020082008200820083FF820080000000030
:1021B000D6D00100010001047FFE41044104410426
:1021C00041047FFC41040100010001000100010005
:1021D0000100BCE420041BFE080440244FF4482402
:1021E000482448244FE44824482448244FE4482401
:1021F00040144008D7B408400850084848402844D4
:102200002FFE0840084018A028A04910C91009084E
:102210000A0E0C040800CCAC01000104FFFE010012
:10222000028004400A30310EC0040200291029083F
:102230002824482407E00000CFF20200040008042C
:102240007FFE400440244FF4482448244824482476
:102250004FE44824400440144008D7F30200020031
:102260000208FFFC04000400040008100FF81080AE
:1022700010802080408080847FFE0000D3D2020046
:1022800002000204FFFE04000400080008081FFC0E
:10229000280848088808080808080FF80808C7B080
:1022A00010100C300444FFFE00003E082248224873
:1022B0003E48224822483E48220822082A28241064
:1022C000CDA31080104817FC200023F86208A3F863
:1022D00020002FFE280233F42040204020402140DF
:1022E0002080D6B901000100010011001100111079
:1022F00011F811001100110011001100110011045A
:10230000FFFE0000BDE108200820102423FE442029
:10231000782009FC100020047DFE010401040D0456
:10232000710421FC0104CEB200083FFC2008200803
:102330003FF820202FF0210821FC2F00210821FC4C
:102340005F004102810200FEB2A8004040403040E0
:1023500017FC0444844844400FF814082510E4A0F6
:10236000244028A02910320E2404CCD8104010405C
:10237000504853FC7C40904417FE18103014D7FE90
:10238000111010901090101010501020C2CA0200AE
:1023900001087FFC010042442788111022484FE4C5
:1023A00001200104FFFE0100010001000100D0D066
:1023B00008080BFC100020004000080417FE301035
:1023C00050109010101010101010101010501020FD
:1023D000BCB400047EFE428442847E8442844284F3
:1023E0007E84408444A444944A8872804080008063
:1023F0000080BDAB1080108011F89108731034A0DC
:10240000104010941FFE30105210D19010901010F8
:1024100010501020D6CA00783F80208020843FFED4
:10242000208020882FFC28082888288828884908A8
:1024300042708C0C3004BCEC1040104010A010A076
:10244000FD10120E35F4300058405648914C11489A
:10245000115010041FFE1000BBD8000000047FFEC6
:102460004004404447E4444444444444444447C44E
:10247000444440047FFC40040000B5BD01047F8457
:1024800008041024222441247FA408A40A247F24C1
:102490000824082408040F84F8140008B5B10100CA
:1024A000210819180920010001087FFC0008000814
:1024B00000083FF80008000800087FF80008D0CDA9
:1024C00001047F84122412241224FFA41224122453
:1024D0001204231441087FFC01000104FFFE0000E8
:1024E000CFC80100110011101FF8110021000104D4
:1024F000FFFE048004800480088008821082207E11
:102500004000D4C4200417FE5004444442844FE4E5
:10251000482448244FE44AA4428442944494487492
:102520005004400CB6C10020202813FC10200020CD
:1025300007FEF09210541110109417FE1020142072
:102540001850108C0304CAD6001000F87F00010058
:1025500001103FF8010001000104FFFE010001002D
:102560000100010005000200B2E102081F7C1248D0
:102570001248124812481248FFFE124812481248E8
:1025800012481248124826A84110C9CF0100010084
:1025900001000100011001F801000100010001002B
:1025A0000100010001000104FFFE0000CFC2000491
:1025B000FFFE020002000200028002400230021010
:1025C0000200020002000200020002000200B5A5A3
:1025D000208011007FC044407FC044407FC0040081
:1025E000FFE0040004000400BBF7040004007FC007
:1025F00004000400FFE004004440444044407FC025
:102600000040BCCC2080248046A095C0E48027E018
:102610004480F5C006A03480C48007E0D0F82100D3
:1026200027C0410097E0E02022804580F2800FE043
:102630003100C2400C20CBAB0000FBE00A200A2096
:102640008A205140514020802080514052408420B7
:10265000CDCB4FC028400FC00840EFC02A202940F2
:102660002A802C40284050008FE0B3F604004440FC
:10267000444044407FC0040004008420842084201F
:10268000FFE00020C7EB82005FE002000FC0C20045
:102690005FE048404FC048404FC0684048C0D7AA9C
:1026A00041004100EFC04200A200AFE0F40027C0AB
:1026B0003040E68021802040B6AF0100710001006B
:1026C00003E0F9202120412051208920FA20022016
:1026D00004C0B5E708000800FF8088808880FF807C
:1026E00088808880FF808820082007E0CEBB2200F9
:1026F000210040005FE0C000484048404440448022
:10270000448041005FE0C6F77BC04A407BC0048044
:102710000440FFE00A003180C0607BC04A407BC0BB
:10272000A3BA0000000000000000300030000000EC
:1027300000003000300000000000CDCB4FC028402A
:102740000FC00840EFC02A2029402A802C40284092
:1027500050008FE0B3F604004440444044407FC042
:1027600004000400842084208420FFE00020C7B0FF
:1027700020801100FFE000007C4045407D40454046
:102780007D40454044404CC0D0E87FC00400FFE09D
:10279000B5A0040075C00000FFE004007FC04A40FF
:1027A0004AC0B5F78FE0482009200BA0C9204FE0B0
:1027B00048204BA04AA06BA0482010E0BBD80000E6
:1027C0007FE0402040204F20492049204F204020DA
:1027D00040207FE04020D4AD00007FE044005FC097
:1027E00050405FC050405FC042004A805240A62027
:1027F000B3B508000800FFE01000240044007FC0CB
:1028000004000400FFE004000400D0CD00207EA0FE
:1028100024A024A0FEA024A04420806004007FC047
:102820000400FFE0FFFF03030303030303030303A9
:10283000030303030303030303E3F33333333333A8
:102840003333333333333333333333333333333358
:102850003333333333333333333333333333333348
:102860003333333333333333333333333333333338
:1028700033F3E3030303FFFFFFFF00F8FC0C0C0C32
:102880000C0C0C0CFC1CFCFC0C0C0C0C0C0F0F00AE
:102890000000000000000000000000000000000038
:1028A00000003078787830303030303030E0C08020
:1028B0000000000000000000000000000000000018
:1028C0000000000000FFFF000000FFFFFFFF00FF0F
:1028D000FF04060202060404F735F5E504040402C9
:1028E000020200000000000000000000000C1C1E9E
:1028F000BE8C8C8C0C0C0C0C0C0C8CCCEC7C3C1C16
:102900000C0C0D0F0F0E0C0C0C0C0E1E3F1F1E009E
:10291000000000000000000000FFFF000000FFFFBB
:10292000FFFF00070F0C0C0C0C0C0C0C0F0E0F0F04
:102930000C0C0C0C0CFCFC00000000000000000063
:102940000000000007070707030303030303030155
:102950000000000000000000000000000000000077
:1029600000000000000000000000000000FFFF0069
:102970000000FFFFFFFFC0C0C0C0C0C0C0C0C0C0DB
:10298000C0C0C0C0C0C0C0C0C0C3C3C3C3C3C3C332
:10299000C3C3C3C3C3C3C3C3C3C3C3C3C3C3C3C307
:1029A000C3C3C3C3C3C3C3C3C3C3C3C3C3C3C3C3F7
:1029B000C3C3C3C3C3C3C3C3C3C3C3C3C3C3C3C3E7
:1029C000C3C3C3C0C0C0FFFF4FBB610567ACDD3FE1
:1029D000182D4454FB21E93F9BF681D20B73EF3F46
:1029E000182D4454FB21F93FE2652F227F2B7A3CBE
:1029F000075C143326A6813CBDCBF07A8807703C77
:102A0000075C143326A6913CC4EB98999999C9BFE9
:102A1000711623FEC671BCBF6D9A74AFF2B0B3BF1E
:102A20009AFDDE522DDEADBF2F6C6A2C44B4A2BFDE
:102A30000D5555555555D53FFF8300922449C23F4A
:102A40006E204CC5CD45B73F513DD0A0660DB13F7E
:102A5000EB0D76244B7BA93F11DA22E33AAD903F90
:102A6000000000000000F03F000000000000F83F00
:102A700000000000000000000000004003B8E23F3A
:102A8000000000000000000006D0CF43EBFD4C3EEC
:102A9000033333333333E33FFFAB6FDBB66DDB3FE1
:102AA0004D268F515555D53F01411DA96074D13F29
:102AB00065DBC9934A86CD3FEF4E454A287ECA3F23
:102AC0003E5555555555C53F93BDBE166CC166BFA5
:102AD0002CDE25AF6A56113FF16BD2C541BDBBBE9E
:102AE000D0A4BE726937663E0000000000000000FE
:102AF00000004054FB21F93F3163621A61B4D03DBC
:102B00000000601A61B4D03D7370032E8A19A33B94
:102B10000000002E8A19A33BC14920259A837B39E6
:102B200000000000000000006E83F9A22915444E49
:102B3000D15727FCC0DD34F5999562DB4190433CC9
:102B4000AB6351FE61C5BBDE3A6E24B7E0D24D42A5
:102B5000EA2E49061C92D1091CEB1DFE3EA729B1A5
:102B6000F53582E88444BB2E26709CE9417E5FB433
:102B700039D69139F43953838B5F849C3B28F9BD56
:102B8000FF97F81F0F9805DE8B112FEF1F6D0A5A64
:102B9000CF7E366DB709CB27663F464F2DEA5F9E45
:102BA000C7BA27757BF1E5EBF739073DEA92528A00
:102BB000B15FFB6B085D8D1F7AFE10111111C13FD3
:102BC00037D60684F464963F280356C9226D6D3FBC
:102BD0000165F2F2D844433FA69237A0887E143FA5
:102BE000735360DBCB75F3BEFE41B31BBAA1AB3FA1
:102BF00093846EE9E326823F1583E0FEC8DB573FEE
:102C000068108D1AF726303FE9A7F0320FB8123F4F
:102C1000D47ABF74702AFB3E2B434F4E4E4543542B
:102C2000494E473C3C30303A30303A30303A303020
:102C30003A30303A30300D0A000000002B434F4E3E
:102C40004E45435445440D0A000000002B504149B5
:102C50005241424C450D0A002B444953433A5355C7
:102C600043434553530D0A002B52454144590D0A25
:102C70000000000048494400982C01080000002092
:102C80004C030000400A0008542D01084C030020AA
:102C90002C73000048B9000851847A030A780901AE
:102CA0000203040607080910011F6AF421530142B8
:102CB0001A7F0181138D1E520812731CFFFF8001C1
:102CC00031790901170B1CDC050401401E182C0189
:102CD000083C041A58041A68041A4C0481459A994D
:102CE00019BE053CCDCCCC3D1A7F01D10216012D79
:102CF00001020304040554060708091AAA01012267
:102D000023FA435A9604E1033C9F411AFFF692646A
:102D1000023B3219491152190A17389236742C01A4
:102D2000080313997D1B08490413017B1408A57F30
:102D30001408B3806A08200A19FF20C11A7F0141D4
:102D4000132D9E1B08510439819918410B101998B5
:042D50003800000047
:040000050800018965
:00000001FF
